id,survey,age,age_group,sex,pcr_positive,act_use,smc_use,bednet_use
SUBJ0001,before,38,20+,Female,0,1,0,1
SUBJ0002,before,64,20+,Male,0,0,0,1
SUBJ0003,before,32,20+,Female,0,1,0,1
SUBJ0004,before,1,0-5,Female,0,0,0,1
SUBJ0005,before,25,20+,Female,0,0,0,1
SUBJ0006,before,7,6-10,Female,1,0,0,1
SUBJ0007,before,61,20+,Male,0,0,0,0
SUBJ0008,before,54,20+,Female,0,0,0,0
SUBJ0009,before,20,11-20,Female,0,0,0,1
SUBJ0010,before,52,20+,Female,0,1,0,1
SUBJ0011,before,65,20+,Female,0,0,0,1
SUBJ0012,before,9,6-10,Female,1,1,0,1
SUBJ0013,before,47,20+,Male,0,0,0,0
SUBJ0014,before,5,0-5,Female,1,0,0,0
SUBJ0015,before,40,20+,Female,0,1,0,1
SUBJ0016,before,47,20+,Female,0,1,0,1
SUBJ0017,before,4,0-5,Female,0,1,0,0
SUBJ0018,before,29,20+,Female,0,0,0,1
SUBJ0019,before,4,0-5,Male,0,1,0,0
SUBJ0020,before,32,20+,Female,0,1,0,0
SUBJ0021,before,7,6-10,Female,1,1,0,0
SUBJ0022,before,20,11-20,Male,1,1,0,0
SUBJ0023,before,22,20+,Female,0,0,0,1
SUBJ0024,before,6,6-10,Male,1,0,0,0
SUBJ0025,before,17,11-20,Male,0,0,0,0
SUBJ0026,before,44,20+,Male,0,1,0,0
SUBJ0027,before,13,11-20,Female,0,0,0,1
SUBJ0028,before,4,0-5,Male,0,0,0,1
SUBJ0029,before,61,20+,Male,0,0,0,1
SUBJ0030,before,25,20+,Male,1,1,0,0
SUBJ0031,before,49,20+,Female,1,1,0,1
SUBJ0032,before,6,6-10,Female,0,0,0,1
SUBJ0033,before,53,20+,Female,0,0,0,0
SUBJ0034,before,12,11-20,Male,0,1,0,0
SUBJ0035,before,14,11-20,Female,1,0,0,1
SUBJ0036,before,24,20+,Female,1,1,0,1
SUBJ0037,before,32,20+,Female,0,0,0,1
SUBJ0038,before,7,6-10,Male,0,0,0,0
SUBJ0039,before,42,20+,Male,0,1,0,0
SUBJ0040,before,14,11-20,Female,0,0,0,1
SUBJ0041,before,36,20+,Female,0,0,0,1
SUBJ0042,before,8,6-10,Male,0,0,0,1
SUBJ0043,before,2,0-5,Male,1,1,0,0
SUBJ0044,before,60,20+,Female,0,1,0,1
SUBJ0045,before,20,11-20,Male,0,1,0,0
SUBJ0046,before,18,11-20,Female,0,1,0,1
SUBJ0047,before,5,0-5,Female,1,0,0,1
SUBJ0048,before,2,0-5,Male,1,1,0,0
SUBJ0049,before,8,6-10,Male,0,0,0,1
SUBJ0050,before,8,6-10,Male,0,1,0,0
SUBJ0051,before,51,20+,Male,0,1,0,1
SUBJ0052,before,49,20+,Male,0,0,0,0
SUBJ0053,before,46,20+,Female,1,0,0,1
SUBJ0054,before,14,11-20,Female,1,0,0,1
SUBJ0055,before,37,20+,Female,1,0,0,1
SUBJ0056,before,1,0-5,Male,1,0,0,0
SUBJ0057,before,69,20+,Male,0,1,0,1
SUBJ0058,before,10,6-10,Female,0,1,0,1
SUBJ0059,before,2,0-5,Male,1,1,0,0
SUBJ0060,before,4,0-5,Male,0,0,0,0
SUBJ0061,before,36,20+,Male,0,0,0,1
SUBJ0062,before,14,11-20,Female,0,0,0,0
SUBJ0063,before,68,20+,Male,0,1,0,0
SUBJ0064,before,67,20+,Female,0,1,0,1
SUBJ0065,before,1,0-5,Female,0,0,0,1
SUBJ0066,before,20,11-20,Male,0,0,0,1
SUBJ0067,before,11,11-20,Female,0,0,0,1
SUBJ0068,before,66,20+,Female,1,0,0,1
SUBJ0069,before,60,20+,Male,0,0,0,1
SUBJ0070,before,7,6-10,Male,0,0,0,1
SUBJ0071,before,4,0-5,Female,0,0,0,1
SUBJ0072,before,10,6-10,Female,1,0,0,1
SUBJ0073,before,61,20+,Male,0,1,0,1
SUBJ0074,before,20,11-20,Male,0,0,0,0
SUBJ0075,before,32,20+,Female,0,0,0,1
SUBJ0076,before,11,11-20,Male,0,1,0,0
SUBJ0077,before,2,0-5,Male,1,1,0,1
SUBJ0078,before,7,6-10,Male,0,0,0,1
SUBJ0079,before,6,6-10,Female,0,0,0,1
SUBJ0080,before,3,0-5,Male,0,1,0,0
SUBJ0081,before,16,11-20,Male,0,0,0,0
SUBJ0082,before,60,20+,Male,0,0,0,1
SUBJ0083,before,67,20+,Female,0,0,0,0
SUBJ0084,before,28,20+,Male,0,0,0,1
SUBJ0085,before,14,11-20,Male,0,1,0,0
SUBJ0086,before,59,20+,Female,0,0,0,0
SUBJ0087,before,4,0-5,Male,0,0,0,1
SUBJ0088,before,56,20+,Female,0,0,0,0
SUBJ0089,before,38,20+,Male,0,1,0,1
SUBJ0090,before,9,6-10,Female,0,1,0,1
SUBJ0091,before,33,20+,Male,0,1,0,0
SUBJ0092,before,20,11-20,Male,0,0,0,0
SUBJ0093,before,67,20+,Male,0,0,0,1
SUBJ0094,before,19,11-20,Female,0,1,0,1
SUBJ0095,before,39,20+,Female,1,1,0,1
SUBJ0096,before,9,6-10,Male,0,1,0,0
SUBJ0097,before,6,6-10,Male,NA,1,0,0
SUBJ0098,before,7,6-10,Male,0,0,0,0
SUBJ0099,before,41,20+,Female,0,1,0,0
SUBJ0100,before,47,20+,Female,0,1,0,0
SUBJ0101,before,36,20+,Male,1,1,0,1
SUBJ0102,before,5,0-5,Female,0,0,0,0
SUBJ0103,before,7,6-10,Male,1,1,0,1
SUBJ0104,before,55,20+,Female,NA,1,0,1
SUBJ0105,before,28,20+,Male,1,0,0,1
SUBJ0106,before,3,0-5,Female,NA,1,0,0
SUBJ0107,before,6,6-10,Female,1,1,0,1
SUBJ0108,before,21,20+,Male,0,0,0,1
SUBJ0109,before,8,6-10,Male,1,0,0,0
SUBJ0110,before,9,6-10,Male,1,0,0,0
SUBJ0111,before,63,20+,Female,0,0,0,1
SUBJ0112,before,52,20+,Female,0,0,0,0
SUBJ0113,before,40,20+,Male,0,0,0,1
SUBJ0114,before,12,11-20,Male,1,0,0,1
SUBJ0115,before,54,20+,Female,0,1,0,1
SUBJ0116,before,29,20+,Female,0,0,0,1
SUBJ0117,before,10,6-10,Female,0,0,0,0
SUBJ0118,before,62,20+,Male,0,0,0,1
SUBJ0119,before,47,20+,Female,0,0,0,0
SUBJ0120,before,11,11-20,Male,1,1,0,0
SUBJ0121,before,5,0-5,Female,1,0,0,0
SUBJ0122,before,18,11-20,Male,0,1,0,0
SUBJ0123,before,8,6-10,Female,1,0,0,1
SUBJ0124,before,4,0-5,Male,1,0,0,1
SUBJ0125,before,5,0-5,Female,1,0,0,1
SUBJ0126,before,33,20+,Female,0,0,0,1
SUBJ0127,before,59,20+,Male,0,0,0,1
SUBJ0128,before,70,20+,Female,NA,1,0,0
SUBJ0129,before,70,20+,Male,0,1,0,0
SUBJ0130,before,37,20+,Male,0,0,0,1
SUBJ0131,before,9,6-10,Female,0,0,0,0
SUBJ0132,before,52,20+,Male,0,1,0,1
SUBJ0133,before,29,20+,Female,1,1,0,1
SUBJ0134,before,55,20+,Male,0,0,0,1
SUBJ0135,before,46,20+,Female,1,0,0,1
SUBJ0136,before,59,20+,Female,0,1,0,1
SUBJ0137,before,34,20+,Male,0,0,0,1
SUBJ0138,before,38,20+,Female,0,0,0,1
SUBJ0139,before,65,20+,Male,0,1,0,1
SUBJ0140,before,51,20+,Female,0,0,0,1
SUBJ0141,before,46,20+,Female,0,0,0,1
SUBJ0142,before,26,20+,Female,0,0,0,0
SUBJ0143,before,11,11-20,Female,0,0,0,1
SUBJ0144,before,53,20+,Female,1,1,0,0
SUBJ0145,before,7,6-10,Male,0,0,0,1
SUBJ0146,before,5,0-5,Male,0,0,0,0
SUBJ0147,before,26,20+,Male,0,1,0,0
SUBJ0148,before,67,20+,Female,0,0,0,1
SUBJ0149,before,13,11-20,Male,1,0,0,0
SUBJ0150,before,7,6-10,Female,0,0,0,0
SUBJ0151,before,10,6-10,Male,1,1,0,1
SUBJ0152,before,7,6-10,Male,1,0,0,0
SUBJ0153,before,52,20+,Female,0,1,0,1
SUBJ0154,before,3,0-5,Male,1,1,0,0
SUBJ0155,before,61,20+,Male,0,0,0,1
SUBJ0156,before,49,20+,Male,0,0,0,1
SUBJ0157,before,4,0-5,Male,0,0,0,1
SUBJ0158,before,68,20+,Male,0,0,0,0
SUBJ0159,before,1,0-5,Male,1,1,0,1
SUBJ0160,before,3,0-5,Female,1,0,0,0
SUBJ0161,before,26,20+,Female,0,1,0,0
SUBJ0162,before,7,6-10,Male,0,0,0,1
SUBJ0163,before,4,0-5,Female,1,0,0,0
SUBJ0164,before,11,11-20,Female,0,1,0,1
SUBJ0165,before,4,0-5,Male,1,1,0,1
SUBJ0166,before,8,6-10,Male,1,1,0,1
SUBJ0167,before,50,20+,Male,0,0,0,0
SUBJ0168,before,3,0-5,Male,1,0,0,1
SUBJ0169,before,58,20+,Male,0,0,0,1
SUBJ0170,before,23,20+,Female,0,0,0,0
SUBJ0171,before,4,0-5,Male,0,1,0,1
SUBJ0172,before,63,20+,Male,0,1,0,1
SUBJ0173,before,10,6-10,Female,0,0,0,1
SUBJ0174,before,22,20+,Female,0,0,0,1
SUBJ0175,before,65,20+,Female,0,0,0,1
SUBJ0176,before,54,20+,Male,0,0,0,0
SUBJ0177,before,3,0-5,Male,1,0,0,0
SUBJ0178,before,40,20+,Male,1,0,0,1
SUBJ0179,before,8,6-10,Female,1,0,0,0
SUBJ0180,before,8,6-10,Male,1,0,0,0
SUBJ0181,before,10,6-10,Female,0,1,0,1
SUBJ0182,before,60,20+,Male,0,1,0,0
SUBJ0183,before,62,20+,Male,0,0,0,0
SUBJ0184,before,25,20+,Female,0,1,0,1
SUBJ0185,before,23,20+,Female,1,0,0,0
SUBJ0186,before,65,20+,Male,0,0,0,0
SUBJ0187,before,64,20+,Male,0,0,0,1
SUBJ0188,before,44,20+,Female,0,1,0,1
SUBJ0189,before,5,0-5,Male,1,1,0,1
SUBJ0190,before,9,6-10,Male,1,0,0,1
SUBJ0191,before,16,11-20,Male,0,0,0,0
SUBJ0192,before,41,20+,Female,0,1,0,0
SUBJ0193,before,36,20+,Female,0,0,0,0
SUBJ0194,before,53,20+,Male,0,1,0,1
SUBJ0195,before,36,20+,Female,0,0,0,1
SUBJ0196,before,55,20+,Male,1,0,0,1
SUBJ0197,before,1,0-5,Male,0,0,0,1
SUBJ0198,before,13,11-20,Female,0,1,0,1
SUBJ0199,before,9,6-10,Female,0,0,0,0
SUBJ0200,before,56,20+,Male,0,0,0,1
SUBJ0201,before,29,20+,Female,1,0,0,1
SUBJ0202,before,67,20+,Male,0,1,0,0
SUBJ0203,before,68,20+,Male,1,0,0,1
SUBJ0204,before,3,0-5,Male,0,0,0,1
SUBJ0205,before,28,20+,Female,0,0,0,1
SUBJ0206,before,8,6-10,Male,1,0,0,0
SUBJ0207,before,10,6-10,Male,1,0,0,1
SUBJ0208,before,47,20+,Male,0,1,0,0
SUBJ0209,before,13,11-20,Female,1,0,0,0
SUBJ0210,before,6,6-10,Female,0,0,0,1
SUBJ0211,before,54,20+,Male,0,0,0,0
SUBJ0212,before,19,11-20,Male,0,0,0,0
SUBJ0213,before,52,20+,Female,0,0,0,0
SUBJ0214,before,68,20+,Male,0,0,0,0
SUBJ0215,before,5,0-5,Male,1,0,0,1
SUBJ0216,before,64,20+,Female,0,1,0,1
SUBJ0217,before,60,20+,Male,0,0,0,0
SUBJ0218,before,8,6-10,Male,1,1,0,1
SUBJ0219,before,53,20+,Female,0,1,0,0
SUBJ0220,before,68,20+,Female,0,0,0,0
SUBJ0221,before,11,11-20,Female,0,1,0,0
SUBJ0222,before,59,20+,Male,0,0,0,1
SUBJ0223,before,5,0-5,Female,1,1,0,1
SUBJ0224,before,17,11-20,Female,0,0,0,0
SUBJ0225,before,50,20+,Female,0,1,0,0
SUBJ0226,before,3,0-5,Male,0,1,0,1
SUBJ0227,before,55,20+,Female,1,1,0,1
SUBJ0228,before,7,6-10,Male,1,0,0,0
SUBJ0229,before,17,11-20,Female,0,1,0,0
SUBJ0230,before,10,6-10,Male,1,1,0,1
SUBJ0231,before,9,6-10,Male,0,1,0,1
SUBJ0232,before,44,20+,Male,0,0,0,1
SUBJ0233,before,5,0-5,Male,0,1,0,1
SUBJ0234,before,10,6-10,Female,0,0,0,1
SUBJ0235,before,4,0-5,Male,0,1,0,1
SUBJ0236,before,60,20+,Female,1,0,0,1
SUBJ0237,before,26,20+,Male,0,0,0,1
SUBJ0238,before,47,20+,Male,1,0,0,0
SUBJ0239,before,44,20+,Male,0,1,0,1
SUBJ0240,before,21,20+,Male,0,0,0,0
SUBJ0241,before,32,20+,Male,0,0,0,1
SUBJ0242,before,66,20+,Female,0,1,0,1
SUBJ0243,before,7,6-10,Female,1,1,0,1
SUBJ0244,before,15,11-20,Female,0,0,0,0
SUBJ0245,before,1,0-5,Female,0,0,0,1
SUBJ0246,before,15,11-20,Male,1,0,0,0
SUBJ0247,before,50,20+,Female,0,1,0,1
SUBJ0248,before,9,6-10,Male,0,0,0,0
SUBJ0249,before,59,20+,Male,0,0,0,0
SUBJ0250,before,8,6-10,Female,1,0,0,1
SUBJ0251,before,68,20+,Male,0,0,0,0
SUBJ0252,before,3,0-5,Female,1,0,0,0
SUBJ0253,before,2,0-5,Male,0,0,0,0
SUBJ0254,before,6,6-10,Male,0,1,0,0
SUBJ0255,before,25,20+,Female,0,0,0,0
SUBJ0256,before,52,20+,Male,0,0,0,0
SUBJ0257,before,32,20+,Female,0,1,0,0
SUBJ0258,before,4,0-5,Female,1,0,0,0
SUBJ0259,before,38,20+,Female,0,0,0,0
SUBJ0260,before,15,11-20,Male,0,0,0,0
SUBJ0261,before,3,0-5,Female,1,0,0,1
SUBJ0262,before,1,0-5,Female,1,0,0,1
SUBJ0263,before,62,20+,Female,0,0,0,0
SUBJ0264,before,29,20+,Female,0,0,0,0
SUBJ0265,before,1,0-5,Female,1,0,0,0
SUBJ0266,before,4,0-5,Female,1,0,0,0
SUBJ0267,before,19,11-20,Female,0,0,0,0
SUBJ0268,before,27,20+,Female,0,0,0,0
SUBJ0269,before,1,0-5,Male,1,1,0,0
SUBJ0270,before,10,6-10,Male,0,1,0,1
SUBJ0271,before,12,11-20,Male,0,0,0,0
SUBJ0272,before,32,20+,Male,0,0,0,1
SUBJ0273,before,54,20+,Male,0,0,0,1
SUBJ0274,before,7,6-10,Male,1,1,0,1
SUBJ0275,before,11,11-20,Female,0,0,0,0
SUBJ0276,before,23,20+,Female,0,0,0,0
SUBJ0277,before,20,11-20,Female,0,0,0,1
SUBJ0278,before,40,20+,Female,0,1,0,1
SUBJ0279,before,8,6-10,Female,1,1,0,1
SUBJ0280,before,4,0-5,Male,1,0,0,0
SUBJ0281,before,42,20+,Male,0,0,0,0
SUBJ0282,before,2,0-5,Male,1,0,0,1
SUBJ0283,before,14,11-20,Male,0,1,0,1
SUBJ0284,before,8,6-10,Female,0,0,0,1
SUBJ0285,before,1,0-5,Female,0,0,0,1
SUBJ0286,before,65,20+,Female,0,0,0,0
SUBJ0287,before,18,11-20,Male,1,0,0,0
SUBJ0288,before,11,11-20,Female,0,1,0,1
SUBJ0289,before,4,0-5,Female,0,0,0,1
SUBJ0290,before,7,6-10,Male,1,0,0,0
SUBJ0291,before,3,0-5,Male,1,0,0,1
SUBJ0292,before,31,20+,Female,0,0,0,1
SUBJ0293,before,9,6-10,Male,1,0,0,0
SUBJ0294,before,16,11-20,Female,0,0,0,1
SUBJ0295,before,9,6-10,Female,0,0,0,1
SUBJ0296,before,26,20+,Male,1,1,0,0
SUBJ0297,before,41,20+,Male,0,0,0,0
SUBJ0298,before,17,11-20,Male,1,0,0,1
SUBJ0299,before,3,0-5,Female,0,1,0,0
SUBJ0300,before,28,20+,Male,0,0,0,0
SUBJ0301,before,33,20+,Male,1,1,0,1
SUBJ0302,before,7,6-10,Male,0,0,0,0
SUBJ0303,before,44,20+,Female,1,0,0,1
SUBJ0304,before,6,6-10,Female,0,0,0,1
SUBJ0305,before,3,0-5,Female,0,0,0,1
SUBJ0306,before,69,20+,Male,0,0,0,1
SUBJ0307,before,7,6-10,Male,0,0,0,0
SUBJ0308,before,56,20+,Male,1,0,0,1
SUBJ0309,before,51,20+,Male,0,0,0,0
SUBJ0310,before,24,20+,Female,0,1,0,1
SUBJ0311,before,55,20+,Male,0,0,0,0
SUBJ0312,before,9,6-10,Female,0,0,0,0
SUBJ0313,before,31,20+,Female,0,0,0,1
SUBJ0314,before,50,20+,Female,0,0,0,0
SUBJ0315,before,6,6-10,Female,1,0,0,0
SUBJ0316,before,61,20+,Male,0,0,0,0
SUBJ0317,before,21,20+,Male,0,0,0,0
SUBJ0318,before,46,20+,Male,0,1,0,1
SUBJ0319,before,3,0-5,Female,1,0,0,1
SUBJ0320,before,4,0-5,Male,1,0,0,1
SUBJ0321,before,17,11-20,Male,0,0,0,1
SUBJ0322,before,56,20+,Male,0,0,0,0
SUBJ0323,before,40,20+,Male,0,0,0,0
SUBJ0324,before,9,6-10,Male,0,0,0,1
SUBJ0325,before,10,6-10,Male,1,0,0,1
SUBJ0326,before,8,6-10,Male,1,0,0,0
SUBJ0327,before,63,20+,Male,0,0,0,0
SUBJ0328,before,14,11-20,Female,0,1,0,0
SUBJ0329,before,12,11-20,Female,1,1,0,0
SUBJ0330,before,33,20+,Male,0,1,0,1
SUBJ0331,before,20,11-20,Male,1,0,0,1
SUBJ0332,before,34,20+,Female,NA,1,0,1
SUBJ0333,before,15,11-20,Female,NA,0,0,1
SUBJ0334,before,53,20+,Female,1,0,0,1
SUBJ0335,before,36,20+,Male,0,0,0,0
SUBJ0336,before,1,0-5,Male,0,1,0,0
SUBJ0337,before,8,6-10,Female,0,0,0,0
SUBJ0338,before,65,20+,Female,1,0,0,1
SUBJ0339,before,1,0-5,Female,1,1,0,1
SUBJ0340,before,17,11-20,Female,1,1,0,0
SUBJ0341,before,57,20+,Male,0,0,0,0
SUBJ0342,before,5,0-5,Female,0,1,0,0
SUBJ0343,before,32,20+,Female,1,0,0,0
SUBJ0344,before,57,20+,Female,0,0,0,1
SUBJ0345,before,6,6-10,Female,0,0,0,0
SUBJ0346,before,18,11-20,Female,0,1,0,0
SUBJ0347,before,24,20+,Female,0,0,0,0
SUBJ0348,before,3,0-5,Female,NA,0,0,0
SUBJ0349,before,39,20+,Male,0,0,0,0
SUBJ0350,before,4,0-5,Male,0,0,0,1
SUBJ0351,before,20,11-20,Female,0,0,0,1
SUBJ0352,before,28,20+,Male,0,0,0,0
SUBJ0353,before,6,6-10,Male,0,0,0,0
SUBJ0354,before,41,20+,Female,0,0,0,0
SUBJ0355,before,12,11-20,Male,0,1,0,0
SUBJ0356,before,15,11-20,Male,0,1,0,0
SUBJ0357,before,3,0-5,Male,1,0,0,0
SUBJ0358,before,66,20+,Female,1,0,0,1
SUBJ0359,before,8,6-10,Female,1,0,0,0
SUBJ0360,before,14,11-20,Female,0,0,0,1
SUBJ0361,before,51,20+,Female,0,0,0,1
SUBJ0362,before,7,6-10,Female,0,0,0,1
SUBJ0363,before,8,6-10,Male,1,0,0,0
SUBJ0364,before,10,6-10,Female,0,1,0,0
SUBJ0365,before,31,20+,Female,0,0,0,0
SUBJ0366,before,1,0-5,Female,1,1,0,0
SUBJ0367,before,5,0-5,Female,0,1,0,1
SUBJ0368,before,2,0-5,Male,1,1,0,1
SUBJ0369,before,43,20+,Female,0,0,0,1
SUBJ0370,before,1,0-5,Male,0,0,0,1
SUBJ0371,before,56,20+,Male,0,0,0,0
SUBJ0372,before,7,6-10,Male,1,0,0,0
SUBJ0373,before,19,11-20,Male,0,1,0,0
SUBJ0374,before,31,20+,Female,0,0,0,0
SUBJ0375,before,18,11-20,Male,0,1,0,0
SUBJ0376,before,4,0-5,Male,1,0,0,1
SUBJ0377,before,69,20+,Female,1,0,0,1
SUBJ0378,before,4,0-5,Male,1,0,0,0
SUBJ0379,before,13,11-20,Female,0,0,0,0
SUBJ0380,before,1,0-5,Female,1,0,0,0
SUBJ0381,before,54,20+,Male,1,0,0,1
SUBJ0382,before,12,11-20,Male,0,0,0,1
SUBJ0383,before,57,20+,Female,0,0,0,0
SUBJ0384,before,63,20+,Male,0,0,0,1
SUBJ0385,before,13,11-20,Female,1,0,0,1
SUBJ0386,before,6,6-10,Male,0,0,0,0
SUBJ0387,before,37,20+,Male,0,0,0,0
SUBJ0388,before,15,11-20,Female,1,0,0,1
SUBJ0389,before,13,11-20,Female,0,0,0,0
SUBJ0390,before,39,20+,Male,1,0,0,0
SUBJ0391,before,3,0-5,Female,1,0,0,0
SUBJ0392,before,48,20+,Female,0,0,0,0
SUBJ0393,before,10,6-10,Male,0,0,0,0
SUBJ0394,before,41,20+,Male,1,0,0,1
SUBJ0395,before,66,20+,Male,0,0,0,1
SUBJ0396,before,9,6-10,Female,NA,0,0,0
SUBJ0397,before,32,20+,Female,0,0,0,1
SUBJ0398,before,14,11-20,Male,1,0,0,1
SUBJ0399,before,39,20+,Female,0,1,0,0
SUBJ0400,before,47,20+,Male,0,0,0,1
SUBJ0401,before,70,20+,Male,0,0,0,0
SUBJ0402,before,61,20+,Male,0,1,0,0
SUBJ0403,before,50,20+,Female,0,0,0,0
SUBJ0404,before,67,20+,Female,0,0,0,0
SUBJ0405,before,61,20+,Female,0,1,0,1
SUBJ0406,before,21,20+,Male,1,0,0,0
SUBJ0407,before,20,11-20,Female,0,0,0,0
SUBJ0408,before,50,20+,Male,0,0,0,1
SUBJ0409,before,63,20+,Male,0,0,0,1
SUBJ0410,before,41,20+,Female,1,0,0,1
SUBJ0411,before,19,11-20,Female,1,0,0,1
SUBJ0412,before,1,0-5,Female,0,0,0,1
SUBJ0413,before,17,11-20,Female,0,0,0,0
SUBJ0414,before,59,20+,Male,0,0,0,0
SUBJ0415,before,17,11-20,Male,0,0,0,0
SUBJ0416,before,24,20+,Female,0,1,0,1
SUBJ0417,before,54,20+,Male,0,0,0,0
SUBJ0418,before,1,0-5,Female,0,1,0,1
SUBJ0419,before,53,20+,Male,1,0,0,0
SUBJ0420,before,2,0-5,Female,0,0,0,1
SUBJ0421,before,41,20+,Female,1,0,0,1
SUBJ0422,before,22,20+,Female,1,0,0,0
SUBJ0423,before,3,0-5,Male,0,0,0,0
SUBJ0424,before,21,20+,Male,1,0,0,1
SUBJ0425,before,26,20+,Male,1,1,0,1
SUBJ0426,before,40,20+,Female,0,0,0,0
SUBJ0427,before,17,11-20,Female,1,0,0,1
SUBJ0428,before,62,20+,Female,1,0,0,0
SUBJ0429,before,1,0-5,Male,0,0,0,1
SUBJ0430,before,1,0-5,Female,0,1,0,1
SUBJ0431,before,64,20+,Male,0,0,0,1
SUBJ0432,before,10,6-10,Female,1,0,0,0
SUBJ0433,before,14,11-20,Male,1,1,0,0
SUBJ0434,before,54,20+,Female,0,0,0,0
SUBJ0435,before,44,20+,Female,0,0,0,0
SUBJ0436,before,25,20+,Male,0,0,0,1
SUBJ0437,before,62,20+,Male,1,1,0,1
SUBJ0438,before,41,20+,Female,0,0,0,1
SUBJ0439,before,2,0-5,Female,0,0,0,1
SUBJ0440,before,37,20+,Female,0,0,0,1
SUBJ0441,before,5,0-5,Female,0,0,0,1
SUBJ0442,before,8,6-10,Female,0,0,0,1
SUBJ0443,before,67,20+,Male,0,0,0,0
SUBJ0444,before,22,20+,Female,0,1,0,1
SUBJ0445,before,61,20+,Female,0,1,0,1
SUBJ0446,before,16,11-20,Female,0,0,0,0
SUBJ0447,before,25,20+,Male,0,0,0,0
SUBJ0448,before,1,0-5,Male,0,0,0,0
SUBJ0449,before,5,0-5,Female,0,1,0,0
SUBJ0450,before,17,11-20,Female,0,0,0,0
SUBJ0451,before,15,11-20,Female,1,0,0,1
SUBJ0452,before,47,20+,Female,0,0,0,0
SUBJ0453,before,1,0-5,Male,1,0,0,1
SUBJ0454,before,49,20+,Male,0,1,0,0
SUBJ0455,before,48,20+,Male,0,0,0,1
SUBJ0456,before,23,20+,Male,0,0,0,1
SUBJ0457,before,1,0-5,Female,0,1,0,0
SUBJ0458,before,9,6-10,Female,1,1,0,0
SUBJ0459,before,18,11-20,Female,0,0,0,0
SUBJ0460,before,16,11-20,Female,0,0,0,1
SUBJ0461,before,70,20+,Male,0,0,0,1
SUBJ0462,before,53,20+,Female,0,0,0,1
SUBJ0463,before,1,0-5,Male,1,0,0,1
SUBJ0464,before,59,20+,Male,1,1,0,0
SUBJ0465,before,20,11-20,Female,0,0,0,0
SUBJ0466,before,4,0-5,Male,1,0,0,0
SUBJ0467,before,33,20+,Female,1,0,0,1
SUBJ0468,before,37,20+,Male,0,1,0,0
SUBJ0469,before,27,20+,Female,0,1,0,1
SUBJ0470,before,37,20+,Female,0,1,0,0
SUBJ0471,before,44,20+,Male,0,0,0,1
SUBJ0472,before,54,20+,Male,0,1,0,1
SUBJ0473,before,1,0-5,Female,1,0,0,0
SUBJ0474,before,9,6-10,Female,1,0,0,1
SUBJ0475,before,69,20+,Male,0,0,0,1
SUBJ0476,before,2,0-5,Male,0,0,0,1
SUBJ0477,before,2,0-5,Male,0,0,0,0
SUBJ0478,before,24,20+,Female,0,0,0,1
SUBJ0479,before,62,20+,Female,0,0,0,0
SUBJ0480,before,34,20+,Female,1,1,0,1
SUBJ0481,before,9,6-10,Male,0,1,0,0
SUBJ0482,before,63,20+,Male,0,0,0,0
SUBJ0483,before,3,0-5,Female,1,0,0,1
SUBJ0484,before,4,0-5,Male,0,0,0,1
SUBJ0485,before,2,0-5,Male,1,1,0,1
SUBJ0486,before,20,11-20,Female,0,1,0,1
SUBJ0487,before,19,11-20,Female,1,0,0,0
SUBJ0488,before,66,20+,Female,0,1,0,1
SUBJ0489,before,10,6-10,Male,0,0,0,0
SUBJ0490,before,63,20+,Female,1,0,0,0
SUBJ0491,before,17,11-20,Female,1,1,0,1
SUBJ0492,before,10,6-10,Male,1,0,0,1
SUBJ0493,before,66,20+,Male,0,0,0,1
SUBJ0494,before,57,20+,Male,0,0,0,0
SUBJ0495,before,4,0-5,Male,1,0,0,0
SUBJ0496,before,16,11-20,Female,1,1,0,1
SUBJ0497,before,35,20+,Male,NA,0,0,0
SUBJ0498,before,4,0-5,Female,1,0,0,0
SUBJ0499,before,53,20+,Female,0,0,0,1
SUBJ0500,before,9,6-10,Male,1,1,0,1
SUBJ0501,before,5,0-5,Female,0,0,0,1
SUBJ0502,before,30,20+,Female,0,1,0,1
SUBJ0503,before,8,6-10,Female,0,1,0,1
SUBJ0504,before,13,11-20,Male,1,0,0,1
SUBJ0505,before,25,20+,Male,0,0,0,1
SUBJ0506,before,5,0-5,Female,0,0,0,1
SUBJ0507,before,17,11-20,Male,0,0,0,0
SUBJ0508,before,5,0-5,Male,1,0,0,1
SUBJ0509,before,8,6-10,Female,0,0,0,1
SUBJ0510,before,55,20+,Female,0,0,0,1
SUBJ0511,before,10,6-10,Male,0,1,0,0
SUBJ0512,before,23,20+,Male,0,1,0,1
SUBJ0513,before,53,20+,Male,NA,0,0,0
SUBJ0514,before,8,6-10,Male,0,1,0,1
SUBJ0515,before,2,0-5,Male,0,0,0,0
SUBJ0516,before,20,11-20,Female,0,0,0,0
SUBJ0517,before,1,0-5,Male,0,1,0,0
SUBJ0518,before,8,6-10,Female,1,1,0,0
SUBJ0519,before,11,11-20,Male,0,0,0,0
SUBJ0520,before,8,6-10,Male,0,0,0,0
SUBJ0521,before,12,11-20,Female,1,0,0,0
SUBJ0522,before,25,20+,Female,0,0,0,1
SUBJ0523,before,13,11-20,Male,0,0,0,1
SUBJ0524,before,47,20+,Male,0,1,0,1
SUBJ0525,before,3,0-5,Male,0,0,0,0
SUBJ0526,before,68,20+,Female,NA,1,0,1
SUBJ0527,before,17,11-20,Male,1,0,0,1
SUBJ0528,before,63,20+,Female,0,0,0,1
SUBJ0529,before,13,11-20,Female,0,1,0,1
SUBJ0530,before,63,20+,Female,0,0,0,1
SUBJ0531,before,13,11-20,Female,0,1,0,1
SUBJ0532,before,4,0-5,Male,1,0,0,1
SUBJ0533,before,8,6-10,Male,1,1,0,0
SUBJ0534,before,3,0-5,Male,1,0,0,0
SUBJ0535,before,69,20+,Male,0,0,0,1
SUBJ0536,before,70,20+,Male,0,1,0,1
SUBJ0537,before,64,20+,Female,0,1,0,1
SUBJ0538,before,64,20+,Female,0,1,0,1
SUBJ0539,before,63,20+,Male,1,0,0,1
SUBJ0540,before,70,20+,Male,1,0,0,0
SUBJ0541,before,35,20+,Female,0,0,0,1
SUBJ0542,before,14,11-20,Female,0,1,0,0
SUBJ0543,before,21,20+,Female,1,0,0,0
SUBJ0544,before,2,0-5,Female,1,0,0,0
SUBJ0545,before,27,20+,Male,0,1,0,1
SUBJ0546,before,8,6-10,Female,1,0,0,1
SUBJ0547,before,45,20+,Male,0,1,0,1
SUBJ0548,before,47,20+,Male,1,0,0,0
SUBJ0549,before,30,20+,Male,0,0,0,1
SUBJ0550,before,60,20+,Female,0,0,0,0
SUBJ0551,before,9,6-10,Male,1,0,0,0
SUBJ0552,before,40,20+,Female,0,0,0,1
SUBJ0553,before,39,20+,Female,0,0,0,1
SUBJ0554,before,29,20+,Male,0,1,0,0
SUBJ0555,before,12,11-20,Male,1,0,0,0
SUBJ0556,before,62,20+,Female,0,0,0,0
SUBJ0557,before,27,20+,Female,0,0,0,0
SUBJ0558,before,13,11-20,Male,0,1,0,0
SUBJ0559,before,27,20+,Female,0,0,0,1
SUBJ0560,before,53,20+,Female,0,0,0,1
SUBJ0561,before,43,20+,Female,1,0,0,0
SUBJ0562,before,10,6-10,Female,0,1,0,1
SUBJ0563,before,35,20+,Female,1,0,0,0
SUBJ0564,before,15,11-20,Male,1,1,0,0
SUBJ0565,before,13,11-20,Male,0,0,0,0
SUBJ0566,before,10,6-10,Female,1,0,0,0
SUBJ0567,before,1,0-5,Female,0,0,0,0
SUBJ0568,before,53,20+,Male,0,0,0,1
SUBJ0569,before,10,6-10,Male,0,0,0,0
SUBJ0570,before,55,20+,Male,0,0,0,0
SUBJ0571,before,10,6-10,Male,1,0,0,0
SUBJ0572,before,60,20+,Male,0,0,0,0
SUBJ0573,before,5,0-5,Female,0,0,0,0
SUBJ0574,before,6,6-10,Male,1,0,0,0
SUBJ0575,before,17,11-20,Male,0,0,0,1
SUBJ0576,before,5,0-5,Female,1,0,0,0
SUBJ0577,before,20,11-20,Female,0,0,0,1
SUBJ0578,before,10,6-10,Female,1,0,0,1
SUBJ0579,before,40,20+,Female,1,1,0,0
SUBJ0580,before,33,20+,Female,0,0,0,0
SUBJ0581,before,5,0-5,Female,0,0,0,1
SUBJ0582,before,8,6-10,Female,0,0,0,0
SUBJ0583,before,26,20+,Female,0,1,0,1
SUBJ0584,before,15,11-20,Male,0,0,0,0
SUBJ0585,before,30,20+,Male,0,0,0,0
SUBJ0586,before,12,11-20,Female,0,0,0,1
SUBJ0587,before,4,0-5,Female,0,0,0,1
SUBJ0588,before,61,20+,Male,0,0,0,0
SUBJ0589,before,57,20+,Male,0,1,0,0
SUBJ0590,before,26,20+,Male,0,0,0,1
SUBJ0591,before,9,6-10,Male,1,0,0,1
SUBJ0592,before,32,20+,Male,0,0,0,1
SUBJ0593,before,54,20+,Male,0,0,0,1
SUBJ0594,before,38,20+,Male,1,0,0,0
SUBJ0595,before,9,6-10,Male,0,0,0,1
SUBJ0596,before,20,11-20,Female,0,0,0,1
SUBJ0597,before,65,20+,Male,1,0,0,1
SUBJ0598,before,29,20+,Male,1,0,0,1
SUBJ0599,before,6,6-10,Female,0,0,0,0
SUBJ0600,before,23,20+,Male,0,0,0,1
SUBJ0601,before,55,20+,Male,0,0,0,1
SUBJ0602,before,17,11-20,Male,1,1,0,0
SUBJ0603,before,10,6-10,Male,0,0,0,0
SUBJ0604,before,56,20+,Male,0,0,0,1
SUBJ0605,before,63,20+,Male,0,0,0,1
SUBJ0606,before,8,6-10,Female,0,0,0,0
SUBJ0607,before,19,11-20,Female,0,1,0,1
SUBJ0608,before,2,0-5,Male,1,0,0,0
SUBJ0609,before,26,20+,Female,0,1,0,1
SUBJ0610,before,70,20+,Male,0,0,0,1
SUBJ0611,before,56,20+,Female,0,0,0,0
SUBJ0612,before,20,11-20,Female,1,0,0,0
SUBJ0613,before,14,11-20,Female,0,0,0,0
SUBJ0614,before,8,6-10,Male,0,0,0,0
SUBJ0615,before,42,20+,Female,0,0,0,0
SUBJ0616,before,8,6-10,Female,1,1,0,0
SUBJ0617,before,40,20+,Female,1,0,0,1
SUBJ0618,before,29,20+,Male,1,1,0,1
SUBJ0619,before,63,20+,Male,0,1,0,0
SUBJ0620,before,61,20+,Female,0,0,0,0
SUBJ0621,before,5,0-5,Female,0,0,0,0
SUBJ0622,before,32,20+,Male,0,0,0,0
SUBJ0623,before,15,11-20,Male,0,0,0,1
SUBJ0624,before,8,6-10,Female,1,0,0,0
SUBJ0625,before,60,20+,Female,0,0,0,0
SUBJ0626,before,47,20+,Male,0,1,0,0
SUBJ0627,before,4,0-5,Male,0,1,0,1
SUBJ0628,before,66,20+,Female,1,0,0,1
SUBJ0629,before,41,20+,Female,0,0,0,1
SUBJ0630,before,67,20+,Male,0,1,0,1
SUBJ0631,before,3,0-5,Female,0,0,0,1
SUBJ0632,before,27,20+,Female,0,0,0,0
SUBJ0633,before,9,6-10,Female,0,0,0,0
SUBJ0634,before,31,20+,Female,0,1,0,0
SUBJ0635,before,35,20+,Female,0,0,0,1
SUBJ0636,before,7,6-10,Female,0,1,0,0
SUBJ0637,before,1,0-5,Male,0,0,0,1
SUBJ0638,before,20,11-20,Male,0,1,0,1
SUBJ0639,before,24,20+,Male,0,0,0,0
SUBJ0640,before,11,11-20,Male,0,0,0,0
SUBJ0641,before,21,20+,Male,0,1,0,1
SUBJ0642,before,24,20+,Female,0,1,0,0
SUBJ0643,before,57,20+,Female,0,0,0,0
SUBJ0644,before,63,20+,Female,0,0,0,1
SUBJ0645,before,11,11-20,Female,1,0,0,0
SUBJ0646,before,37,20+,Female,0,1,0,1
SUBJ0647,before,4,0-5,Male,1,0,0,1
SUBJ0648,before,12,11-20,Female,0,0,0,0
SUBJ0649,before,7,6-10,Male,0,0,0,1
SUBJ0650,before,30,20+,Male,1,0,0,0
SUBJ0651,before,49,20+,Female,0,1,0,1
SUBJ0652,before,63,20+,Female,0,0,0,0
SUBJ0653,before,17,11-20,Female,0,0,0,1
SUBJ0654,before,1,0-5,Female,0,0,0,1
SUBJ0655,before,19,11-20,Female,0,0,0,0
SUBJ0656,before,43,20+,Female,0,1,0,0
SUBJ0657,before,24,20+,Female,0,0,0,1
SUBJ0658,before,32,20+,Female,0,0,0,1
SUBJ0659,before,19,11-20,Male,1,0,0,1
SUBJ0660,before,46,20+,Female,0,0,0,1
SUBJ0661,before,42,20+,Female,0,1,0,0
SUBJ0662,before,22,20+,Female,0,0,0,0
SUBJ0663,before,70,20+,Male,0,0,0,0
SUBJ0664,before,41,20+,Male,0,0,0,1
SUBJ0665,before,3,0-5,Female,1,0,0,1
SUBJ0666,before,15,11-20,Female,0,0,0,1
SUBJ0667,before,3,0-5,Female,0,0,0,0
SUBJ0668,before,8,6-10,Female,0,0,0,0
SUBJ0669,before,66,20+,Male,0,0,0,1
SUBJ0670,before,53,20+,Female,0,0,0,1
SUBJ0671,before,33,20+,Male,0,0,0,1
SUBJ0672,before,24,20+,Female,1,0,0,1
SUBJ0673,before,28,20+,Female,0,1,0,1
SUBJ0674,before,4,0-5,Female,1,1,0,0
SUBJ0675,before,19,11-20,Male,0,1,0,1
SUBJ0676,before,37,20+,Male,0,1,0,1
SUBJ0677,before,40,20+,Female,0,1,0,0
SUBJ0678,before,13,11-20,Male,0,0,0,1
SUBJ0679,before,67,20+,Female,0,1,0,1
SUBJ0680,before,23,20+,Female,0,0,0,0
SUBJ0681,before,67,20+,Male,0,1,0,0
SUBJ0682,before,1,0-5,Male,0,0,0,1
SUBJ0683,before,9,6-10,Female,1,1,0,0
SUBJ0684,before,44,20+,Female,0,0,0,0
SUBJ0685,before,69,20+,Female,0,0,0,1
SUBJ0686,before,44,20+,Male,1,1,0,1
SUBJ0687,before,17,11-20,Male,1,1,0,1
SUBJ0688,before,5,0-5,Female,NA,0,0,1
SUBJ0689,before,5,0-5,Male,1,1,0,1
SUBJ0690,before,7,6-10,Male,0,0,0,0
SUBJ0691,before,21,20+,Female,0,0,0,1
SUBJ0692,before,60,20+,Female,0,0,0,1
SUBJ0693,before,20,11-20,Male,0,0,0,1
SUBJ0694,before,51,20+,Male,1,1,0,0
SUBJ0695,before,18,11-20,Male,1,1,0,1
SUBJ0696,before,1,0-5,Male,0,0,0,0
SUBJ0697,before,35,20+,Female,1,0,0,0
SUBJ0698,before,23,20+,Female,0,1,0,0
SUBJ0699,before,32,20+,Female,0,0,0,1
SUBJ0700,before,66,20+,Male,0,1,0,1
SUBJ0701,before,3,0-5,Male,1,1,0,0
SUBJ0702,before,3,0-5,Female,0,0,0,0
SUBJ0703,before,25,20+,Female,1,1,0,1
SUBJ0704,before,60,20+,Male,0,1,0,0
SUBJ0705,before,55,20+,Female,0,1,0,1
SUBJ0706,before,6,6-10,Female,0,0,0,0
SUBJ0707,before,48,20+,Female,1,0,0,1
SUBJ0708,before,22,20+,Male,0,0,0,0
SUBJ0709,before,4,0-5,Female,1,1,0,0
SUBJ0710,before,65,20+,Female,0,0,0,1
SUBJ0711,before,64,20+,Male,0,1,0,0
SUBJ0712,before,4,0-5,Female,0,0,0,1
SUBJ0713,before,30,20+,Male,0,1,0,0
SUBJ0714,before,5,0-5,Male,0,0,0,0
SUBJ0715,before,16,11-20,Male,0,0,0,1
SUBJ0716,before,40,20+,Male,0,1,0,1
SUBJ0717,before,10,6-10,Male,0,1,0,0
SUBJ0718,before,8,6-10,Male,0,1,0,0
SUBJ0719,before,15,11-20,Male,0,1,0,0
SUBJ0720,before,50,20+,Male,0,1,0,1
SUBJ0721,before,51,20+,Male,0,0,0,1
SUBJ0722,before,48,20+,Male,1,1,0,0
SUBJ0723,before,34,20+,Male,0,0,0,1
SUBJ0724,before,61,20+,Female,1,0,0,0
SUBJ0725,before,31,20+,Female,0,1,0,0
SUBJ0726,before,3,0-5,Male,1,0,0,0
SUBJ0727,before,46,20+,Female,0,0,0,0
SUBJ0728,before,37,20+,Male,0,0,0,1
SUBJ0729,before,66,20+,Female,1,0,0,1
SUBJ0730,before,2,0-5,Male,1,0,0,0
SUBJ0731,before,2,0-5,Male,1,0,0,0
SUBJ0732,before,33,20+,Female,1,0,0,1
SUBJ0733,before,7,6-10,Male,0,1,0,1
SUBJ0734,before,7,6-10,Female,1,0,0,1
SUBJ0735,before,20,11-20,Female,0,0,0,1
SUBJ0736,before,21,20+,Female,1,0,0,1
SUBJ0737,before,17,11-20,Male,0,0,0,1
SUBJ0738,before,57,20+,Female,0,1,0,1
SUBJ0739,before,46,20+,Male,0,0,0,1
SUBJ0740,before,4,0-5,Female,0,1,0,1
SUBJ0741,before,48,20+,Female,1,1,0,0
SUBJ0742,before,55,20+,Female,0,0,0,1
SUBJ0743,before,21,20+,Female,0,1,0,0
SUBJ0744,before,51,20+,Female,0,0,0,1
SUBJ0745,before,44,20+,Male,0,1,0,0
SUBJ0746,before,9,6-10,Male,1,0,0,1
SUBJ0747,before,64,20+,Male,0,0,0,0
SUBJ0748,before,8,6-10,Male,1,1,0,1
SUBJ0749,before,9,6-10,Male,1,1,0,1
SUBJ0750,before,6,6-10,Female,1,0,0,0
SUBJ0751,before,68,20+,Male,0,0,0,0
SUBJ0752,before,67,20+,Male,0,0,0,0
SUBJ0753,before,19,11-20,Female,1,0,0,0
SUBJ0754,before,45,20+,Male,1,0,0,1
SUBJ0755,before,29,20+,Male,0,1,0,1
SUBJ0756,before,49,20+,Female,0,1,0,0
SUBJ0757,before,4,0-5,Female,0,1,0,0
SUBJ0758,before,5,0-5,Female,0,0,0,0
SUBJ0759,before,57,20+,Male,0,0,0,1
SUBJ0760,before,39,20+,Male,0,1,0,1
SUBJ0761,before,20,11-20,Male,0,0,0,1
SUBJ0762,before,10,6-10,Male,0,1,0,0
SUBJ0763,before,48,20+,Female,0,1,0,0
SUBJ0764,before,39,20+,Male,0,0,0,0
SUBJ0765,before,59,20+,Female,0,0,0,0
SUBJ0766,before,70,20+,Female,1,0,0,1
SUBJ0767,before,18,11-20,Male,1,0,0,1
SUBJ0768,before,62,20+,Male,1,0,0,0
SUBJ0769,before,31,20+,Female,0,0,0,1
SUBJ0770,before,22,20+,Female,1,0,0,1
SUBJ0771,before,13,11-20,Male,0,0,0,1
SUBJ0772,before,41,20+,Female,1,1,0,0
SUBJ0773,before,29,20+,Female,0,0,0,0
SUBJ0774,before,17,11-20,Male,0,0,0,1
SUBJ0775,before,40,20+,Male,0,0,0,1
SUBJ0776,before,8,6-10,Male,0,0,0,1
SUBJ0777,before,25,20+,Male,1,0,0,1
SUBJ0778,before,53,20+,Male,0,0,0,1
SUBJ0779,before,30,20+,Male,0,0,0,1
SUBJ0780,before,5,0-5,Female,1,1,0,1
SUBJ0781,before,9,6-10,Female,1,0,0,1
SUBJ0782,before,49,20+,Female,0,0,0,0
SUBJ0783,before,30,20+,Male,0,1,0,1
SUBJ0784,before,16,11-20,Male,0,1,0,1
SUBJ0785,before,3,0-5,Male,1,0,0,1
SUBJ0786,before,25,20+,Male,0,1,0,1
SUBJ0787,before,5,0-5,Female,1,0,0,0
SUBJ0788,before,40,20+,Male,0,0,0,1
SUBJ0789,before,5,0-5,Female,0,0,0,1
SUBJ0790,before,15,11-20,Male,0,0,0,1
SUBJ0791,before,3,0-5,Male,1,1,0,0
SUBJ0792,before,61,20+,Female,0,1,0,1
SUBJ0793,before,23,20+,Male,0,1,0,0
SUBJ0794,before,4,0-5,Male,1,1,0,1
SUBJ0795,before,50,20+,Female,1,0,0,1
SUBJ0796,before,7,6-10,Female,0,0,0,1
SUBJ0797,before,49,20+,Female,0,1,0,1
SUBJ0798,before,10,6-10,Female,1,0,0,0
SUBJ0799,before,60,20+,Female,0,0,0,0
SUBJ0800,before,37,20+,Male,0,0,0,1
SUBJ0801,before,36,20+,Male,0,0,0,1
SUBJ0802,before,50,20+,Female,0,0,0,0
SUBJ0803,before,43,20+,Male,0,0,0,1
SUBJ0804,before,61,20+,Female,0,0,0,1
SUBJ0805,before,7,6-10,Female,0,0,0,0
SUBJ0806,before,18,11-20,Female,0,1,0,0
SUBJ0807,before,54,20+,Female,0,0,0,1
SUBJ0808,before,62,20+,Female,0,1,0,1
SUBJ0809,before,14,11-20,Male,0,0,0,1
SUBJ0810,before,42,20+,Female,0,0,0,0
SUBJ0811,before,51,20+,Female,0,0,0,0
SUBJ0812,before,19,11-20,Male,0,0,0,1
SUBJ0813,before,50,20+,Male,0,1,0,0
SUBJ0814,before,6,6-10,Male,0,0,0,0
SUBJ0815,before,3,0-5,Female,0,1,0,1
SUBJ0816,before,17,11-20,Male,1,1,0,1
SUBJ0817,before,4,0-5,Female,1,1,0,0
SUBJ0818,before,10,6-10,Female,0,1,0,0
SUBJ0819,before,9,6-10,Male,0,0,0,1
SUBJ0820,before,1,0-5,Female,0,1,0,1
SUBJ0821,before,20,11-20,Female,0,0,0,1
SUBJ0822,before,3,0-5,Female,1,0,0,0
SUBJ0823,before,3,0-5,Female,1,1,0,1
SUBJ0824,before,3,0-5,Female,0,1,0,0
SUBJ0825,before,53,20+,Female,0,1,0,0
SUBJ0826,before,61,20+,Female,0,0,0,0
SUBJ0827,before,45,20+,Female,0,0,0,1
SUBJ0828,before,6,6-10,Female,1,1,0,1
SUBJ0829,before,55,20+,Female,0,0,0,0
SUBJ0830,before,64,20+,Female,NA,0,0,0
SUBJ0831,before,8,6-10,Female,1,0,0,0
SUBJ0832,before,31,20+,Male,0,0,0,1
SUBJ0833,before,7,6-10,Female,1,1,0,1
SUBJ0834,before,10,6-10,Male,1,1,0,0
SUBJ0835,before,12,11-20,Female,0,1,0,1
SUBJ0836,before,47,20+,Male,0,0,0,1
SUBJ0837,before,4,0-5,Female,0,0,0,1
SUBJ0838,before,7,6-10,Male,0,0,0,1
SUBJ0839,before,15,11-20,Female,1,1,0,0
SUBJ0840,before,64,20+,Female,0,0,0,1
SUBJ0841,before,16,11-20,Female,0,1,0,1
SUBJ0842,before,4,0-5,Female,1,0,0,0
SUBJ0843,before,13,11-20,Female,1,0,0,1
SUBJ0844,before,41,20+,Female,0,0,0,1
SUBJ0845,before,47,20+,Male,0,0,0,0
SUBJ0846,before,2,0-5,Male,0,1,0,1
SUBJ0847,before,37,20+,Male,0,0,0,1
SUBJ0848,before,13,11-20,Male,0,0,0,1
SUBJ0849,before,70,20+,Female,0,1,0,0
SUBJ0850,before,1,0-5,Male,0,0,0,1
SUBJ0851,before,28,20+,Female,0,0,0,0
SUBJ0852,before,32,20+,Male,1,1,0,0
SUBJ0853,before,3,0-5,Male,0,0,0,1
SUBJ0854,before,6,6-10,Female,1,0,0,1
SUBJ0855,before,15,11-20,Male,0,1,0,0
SUBJ0856,before,2,0-5,Female,0,1,0,0
SUBJ0857,before,31,20+,Female,0,0,0,0
SUBJ0858,before,23,20+,Female,0,0,0,0
SUBJ0859,before,34,20+,Male,1,1,0,0
SUBJ0860,before,8,6-10,Male,0,0,0,0
SUBJ0861,before,9,6-10,Female,1,0,0,0
SUBJ0862,before,5,0-5,Male,0,0,0,0
SUBJ0863,before,3,0-5,Male,0,0,0,1
SUBJ0864,before,1,0-5,Male,0,1,0,1
SUBJ0865,before,51,20+,Male,0,0,0,0
SUBJ0866,before,7,6-10,Male,0,0,0,1
SUBJ0867,before,43,20+,Male,0,1,0,0
SUBJ0868,before,11,11-20,Male,0,0,0,1
SUBJ0869,before,66,20+,Male,0,1,0,0
SUBJ0870,before,34,20+,Male,0,0,0,1
SUBJ0871,before,17,11-20,Female,1,0,0,1
SUBJ0872,before,57,20+,Male,0,0,0,0
SUBJ0873,before,5,0-5,Female,0,0,0,0
SUBJ0874,before,10,6-10,Female,0,1,0,1
SUBJ0875,before,49,20+,Female,0,0,0,1
SUBJ0876,before,65,20+,Female,0,0,0,0
SUBJ0877,before,40,20+,Female,0,0,0,0
SUBJ0878,before,3,0-5,Female,0,0,0,0
SUBJ0879,before,39,20+,Male,0,1,0,1
SUBJ0880,before,40,20+,Male,0,1,0,0
SUBJ0881,before,5,0-5,Female,0,1,0,1
SUBJ0882,before,4,0-5,Female,0,0,0,0
SUBJ0883,before,70,20+,Male,1,1,0,1
SUBJ0884,before,70,20+,Male,0,0,0,1
SUBJ0885,before,21,20+,Male,1,0,0,1
SUBJ0886,before,20,11-20,Male,0,1,0,1
SUBJ0887,before,60,20+,Female,0,0,0,1
SUBJ0888,before,53,20+,Male,0,0,0,1
SUBJ0889,before,51,20+,Female,0,1,0,1
SUBJ0890,before,20,11-20,Female,1,0,0,1
SUBJ0891,before,62,20+,Female,0,0,0,0
SUBJ0892,before,7,6-10,Female,1,0,0,0
SUBJ0893,before,3,0-5,Male,NA,1,0,1
SUBJ0894,before,2,0-5,Female,1,0,0,1
SUBJ0895,before,4,0-5,Male,1,0,0,1
SUBJ0896,before,11,11-20,Male,0,0,0,0
SUBJ0897,before,47,20+,Female,1,1,0,1
SUBJ0898,before,42,20+,Male,0,0,0,1
SUBJ0899,before,25,20+,Female,NA,0,0,1
SUBJ0900,before,4,0-5,Male,1,1,0,0
SUBJ0001,during,39,20+,Female,1,0,0,1
SUBJ0002,during,65,20+,Male,0,0,0,1
SUBJ0003,during,33,20+,Female,0,1,0,1
SUBJ0004,during,2,0-5,Female,0,0,1,1
SUBJ0005,during,26,20+,Female,0,0,0,1
SUBJ0006,during,8,6-10,Female,1,0,0,1
SUBJ0007,during,62,20+,Male,0,0,0,0
SUBJ0008,during,55,20+,Female,0,0,0,0
SUBJ0009,during,21,20+,Female,1,1,0,1
SUBJ0010,during,53,20+,Female,0,1,0,1
SUBJ0011,during,66,20+,Female,0,0,0,1
SUBJ0012,during,10,6-10,Female,0,1,0,1
SUBJ0013,during,48,20+,Male,0,0,0,0
SUBJ0014,during,6,6-10,Female,0,0,0,0
SUBJ0015,during,41,20+,Female,0,1,0,1
SUBJ0016,during,48,20+,Female,0,1,0,1
SUBJ0017,during,5,0-5,Female,0,0,1,0
SUBJ0018,during,30,20+,Female,1,0,0,1
SUBJ0019,during,5,0-5,Male,0,0,1,0
SUBJ0020,during,33,20+,Female,0,0,0,0
SUBJ0021,during,8,6-10,Female,1,1,0,0
SUBJ0022,during,21,20+,Male,0,0,0,0
SUBJ0023,during,23,20+,Female,0,0,0,1
SUBJ0024,during,7,6-10,Male,0,0,0,0
SUBJ0025,during,18,11-20,Male,0,0,0,0
SUBJ0026,during,45,20+,Male,1,0,0,0
SUBJ0027,during,14,11-20,Female,0,0,0,1
SUBJ0028,during,5,0-5,Male,1,1,0,1
SUBJ0029,during,62,20+,Male,1,1,0,1
SUBJ0030,during,26,20+,Male,0,0,0,0
SUBJ0031,during,50,20+,Female,1,0,0,1
SUBJ0032,during,7,6-10,Female,0,0,0,1
SUBJ0033,during,54,20+,Female,0,1,0,0
SUBJ0034,during,13,11-20,Male,0,0,0,0
SUBJ0035,during,15,11-20,Female,0,0,0,1
SUBJ0036,during,25,20+,Female,0,0,0,1
SUBJ0037,during,33,20+,Female,1,1,0,1
SUBJ0038,during,8,6-10,Male,1,1,0,0
SUBJ0039,during,43,20+,Male,0,0,0,0
SUBJ0040,during,15,11-20,Female,0,0,0,1
SUBJ0041,during,37,20+,Female,0,0,0,1
SUBJ0042,during,9,6-10,Male,0,1,0,1
SUBJ0043,during,3,0-5,Male,0,1,1,0
SUBJ0044,during,61,20+,Female,0,1,0,1
SUBJ0045,during,21,20+,Male,0,0,0,0
SUBJ0046,during,19,11-20,Female,0,1,0,1
SUBJ0047,during,6,6-10,Female,0,0,0,1
SUBJ0048,during,3,0-5,Male,0,1,0,0
SUBJ0049,during,9,6-10,Male,0,0,0,1
SUBJ0050,during,9,6-10,Male,0,0,0,0
SUBJ0051,during,52,20+,Male,0,0,0,1
SUBJ0052,during,50,20+,Male,0,0,0,0
SUBJ0053,during,47,20+,Female,0,1,0,1
SUBJ0054,during,15,11-20,Female,0,1,0,1
SUBJ0055,during,38,20+,Female,0,0,0,1
SUBJ0056,during,2,0-5,Male,0,0,1,0
SUBJ0057,during,70,20+,Male,0,1,0,1
SUBJ0058,during,11,11-20,Female,1,0,0,1
SUBJ0059,during,3,0-5,Male,1,0,1,0
SUBJ0060,during,5,0-5,Male,0,0,1,0
SUBJ0061,during,37,20+,Male,0,0,0,1
SUBJ0062,during,15,11-20,Female,0,0,0,0
SUBJ0063,during,69,20+,Male,0,0,0,0
SUBJ0064,during,68,20+,Female,0,0,0,1
SUBJ0065,during,2,0-5,Female,0,0,0,1
SUBJ0066,during,21,20+,Male,0,0,0,1
SUBJ0067,during,12,11-20,Female,1,0,0,1
SUBJ0068,during,67,20+,Female,0,0,0,1
SUBJ0069,during,61,20+,Male,0,0,0,1
SUBJ0070,during,8,6-10,Male,1,0,0,1
SUBJ0071,during,5,0-5,Female,0,1,0,1
SUBJ0072,during,11,11-20,Female,1,0,0,1
SUBJ0073,during,62,20+,Male,0,0,0,1
SUBJ0074,during,21,20+,Male,0,0,0,0
SUBJ0075,during,33,20+,Female,0,0,0,1
SUBJ0076,during,12,11-20,Male,1,0,0,0
SUBJ0077,during,3,0-5,Male,0,1,1,1
SUBJ0078,during,8,6-10,Male,0,0,0,1
SUBJ0079,during,7,6-10,Female,NA,0,0,1
SUBJ0080,during,4,0-5,Male,0,0,1,0
SUBJ0081,during,17,11-20,Male,0,0,0,0
SUBJ0082,during,61,20+,Male,0,0,0,1
SUBJ0083,during,68,20+,Female,0,0,0,0
SUBJ0084,during,29,20+,Male,0,0,0,1
SUBJ0085,during,15,11-20,Male,1,0,0,0
SUBJ0086,during,60,20+,Female,NA,0,0,0
SUBJ0087,during,5,0-5,Male,0,0,0,1
SUBJ0088,during,57,20+,Female,0,1,0,0
SUBJ0089,during,39,20+,Male,0,1,0,1
SUBJ0090,during,10,6-10,Female,0,1,0,1
SUBJ0091,during,34,20+,Male,1,0,0,0
SUBJ0092,during,21,20+,Male,1,0,0,0
SUBJ0093,during,68,20+,Male,0,1,0,1
SUBJ0094,during,20,11-20,Female,0,0,0,1
SUBJ0095,during,40,20+,Female,0,0,0,1
SUBJ0096,during,10,6-10,Male,0,0,0,0
SUBJ0097,during,7,6-10,Male,0,1,0,0
SUBJ0098,during,8,6-10,Male,0,1,0,0
SUBJ0099,during,42,20+,Female,0,0,0,0
SUBJ0100,during,48,20+,Female,0,0,0,0
SUBJ0101,during,37,20+,Male,0,0,0,1
SUBJ0102,during,6,6-10,Female,1,1,0,0
SUBJ0103,during,8,6-10,Male,0,0,0,1
SUBJ0104,during,56,20+,Female,0,1,0,1
SUBJ0105,during,29,20+,Male,0,1,0,1
SUBJ0106,during,4,0-5,Female,0,1,1,0
SUBJ0107,during,7,6-10,Female,0,0,0,1
SUBJ0108,during,22,20+,Male,1,1,0,1
SUBJ0109,during,9,6-10,Male,0,1,0,0
SUBJ0110,during,10,6-10,Male,0,0,0,0
SUBJ0111,during,64,20+,Female,1,0,0,1
SUBJ0112,during,53,20+,Female,0,1,0,0
SUBJ0113,during,41,20+,Male,0,1,0,1
SUBJ0114,during,13,11-20,Male,0,0,0,1
SUBJ0115,during,55,20+,Female,1,0,0,1
SUBJ0116,during,30,20+,Female,0,0,0,1
SUBJ0117,during,11,11-20,Female,1,0,0,0
SUBJ0118,during,63,20+,Male,1,0,0,1
SUBJ0119,during,48,20+,Female,0,0,0,0
SUBJ0120,during,12,11-20,Male,1,0,0,0
SUBJ0121,during,6,6-10,Female,1,0,0,0
SUBJ0122,during,19,11-20,Male,0,0,0,0
SUBJ0123,during,9,6-10,Female,1,0,0,1
SUBJ0124,during,5,0-5,Male,0,0,1,1
SUBJ0125,during,6,6-10,Female,0,0,0,1
SUBJ0126,during,34,20+,Female,0,0,0,1
SUBJ0127,during,60,20+,Male,0,1,0,1
SUBJ0128,during,71,20+,Female,0,1,0,0
SUBJ0129,during,71,20+,Male,0,0,0,0
SUBJ0130,during,38,20+,Male,1,0,0,1
SUBJ0131,during,10,6-10,Female,0,0,0,0
SUBJ0132,during,53,20+,Male,0,0,0,1
SUBJ0133,during,30,20+,Female,0,0,0,1
SUBJ0134,during,56,20+,Male,0,0,0,1
SUBJ0135,during,47,20+,Female,0,1,0,1
SUBJ0136,during,60,20+,Female,0,1,0,1
SUBJ0137,during,35,20+,Male,1,1,0,1
SUBJ0138,during,39,20+,Female,1,0,0,1
SUBJ0139,during,66,20+,Male,0,0,0,1
SUBJ0140,during,52,20+,Female,0,1,0,1
SUBJ0141,during,47,20+,Female,0,0,0,1
SUBJ0142,during,27,20+,Female,0,0,0,0
SUBJ0143,during,12,11-20,Female,0,1,0,1
SUBJ0144,during,54,20+,Female,0,1,0,0
SUBJ0145,during,8,6-10,Male,0,1,0,1
SUBJ0146,during,6,6-10,Male,0,1,0,0
SUBJ0147,during,27,20+,Male,0,1,0,0
SUBJ0148,during,68,20+,Female,0,0,0,1
SUBJ0149,during,14,11-20,Male,0,1,0,0
SUBJ0150,during,8,6-10,Female,0,1,0,0
SUBJ0151,during,11,11-20,Male,0,1,0,1
SUBJ0152,during,8,6-10,Male,0,0,0,0
SUBJ0153,during,53,20+,Female,0,0,0,1
SUBJ0154,during,4,0-5,Male,0,0,1,0
SUBJ0155,during,62,20+,Male,1,0,0,1
SUBJ0156,during,50,20+,Male,0,1,0,1
SUBJ0157,during,5,0-5,Male,1,0,0,1
SUBJ0158,during,69,20+,Male,1,0,0,0
SUBJ0159,during,2,0-5,Male,0,0,1,1
SUBJ0160,during,4,0-5,Female,0,1,1,0
SUBJ0161,during,27,20+,Female,0,0,0,0
SUBJ0162,during,8,6-10,Male,1,0,0,1
SUBJ0163,during,5,0-5,Female,NA,0,1,0
SUBJ0164,during,12,11-20,Female,1,0,0,1
SUBJ0165,during,5,0-5,Male,0,0,1,1
SUBJ0166,during,9,6-10,Male,1,0,0,1
SUBJ0167,during,51,20+,Male,0,0,0,0
SUBJ0168,during,4,0-5,Male,1,1,0,1
SUBJ0169,during,59,20+,Male,0,0,0,1
SUBJ0170,during,24,20+,Female,0,0,0,0
SUBJ0171,during,5,0-5,Male,0,0,0,1
SUBJ0172,during,64,20+,Male,0,0,0,1
SUBJ0173,during,11,11-20,Female,1,0,0,1
SUBJ0174,during,23,20+,Female,0,1,0,1
SUBJ0175,during,66,20+,Female,1,0,0,1
SUBJ0176,during,55,20+,Male,0,0,0,0
SUBJ0177,during,4,0-5,Male,1,0,0,0
SUBJ0178,during,41,20+,Male,0,1,0,1
SUBJ0179,during,9,6-10,Female,0,1,0,0
SUBJ0180,during,9,6-10,Male,1,0,0,0
SUBJ0181,during,11,11-20,Female,0,1,0,1
SUBJ0182,during,61,20+,Male,0,0,0,0
SUBJ0183,during,63,20+,Male,0,0,0,0
SUBJ0184,during,26,20+,Female,0,0,0,1
SUBJ0185,during,24,20+,Female,0,0,0,0
SUBJ0186,during,66,20+,Male,0,0,0,0
SUBJ0187,during,65,20+,Male,0,0,0,1
SUBJ0188,during,45,20+,Female,0,0,0,1
SUBJ0189,during,6,6-10,Male,1,0,0,1
SUBJ0190,during,10,6-10,Male,1,0,0,1
SUBJ0191,during,17,11-20,Male,0,0,0,0
SUBJ0192,during,42,20+,Female,0,1,0,0
SUBJ0193,during,37,20+,Female,0,0,0,0
SUBJ0194,during,54,20+,Male,0,0,0,1
SUBJ0195,during,37,20+,Female,0,1,0,1
SUBJ0196,during,56,20+,Male,0,1,0,1
SUBJ0197,during,2,0-5,Male,0,0,1,1
SUBJ0198,during,14,11-20,Female,0,0,0,1
SUBJ0199,during,10,6-10,Female,1,1,0,0
SUBJ0200,during,57,20+,Male,0,0,0,1
SUBJ0201,during,30,20+,Female,0,0,0,1
SUBJ0202,during,68,20+,Male,0,1,0,0
SUBJ0203,during,69,20+,Male,0,0,0,1
SUBJ0204,during,4,0-5,Male,0,0,1,1
SUBJ0205,during,29,20+,Female,1,1,0,1
SUBJ0206,during,9,6-10,Male,1,1,0,0
SUBJ0207,during,11,11-20,Male,NA,0,0,1
SUBJ0208,during,48,20+,Male,0,1,0,0
SUBJ0209,during,14,11-20,Female,1,1,0,0
SUBJ0210,during,7,6-10,Female,0,1,0,1
SUBJ0211,during,55,20+,Male,0,1,0,0
SUBJ0212,during,20,11-20,Male,0,1,0,0
SUBJ0213,during,53,20+,Female,0,0,0,0
SUBJ0214,during,69,20+,Male,0,0,0,0
SUBJ0215,during,6,6-10,Male,0,1,0,1
SUBJ0216,during,65,20+,Female,1,0,0,1
SUBJ0217,during,61,20+,Male,0,0,0,0
SUBJ0218,during,9,6-10,Male,1,0,0,1
SUBJ0219,during,54,20+,Female,0,0,0,0
SUBJ0220,during,69,20+,Female,0,1,0,0
SUBJ0221,during,12,11-20,Female,1,1,0,0
SUBJ0222,during,60,20+,Male,0,1,0,1
SUBJ0223,during,6,6-10,Female,1,1,0,1
SUBJ0224,during,18,11-20,Female,0,1,0,0
SUBJ0225,during,51,20+,Female,1,1,0,0
SUBJ0226,during,4,0-5,Male,0,1,1,1
SUBJ0227,during,56,20+,Female,0,0,0,1
SUBJ0228,during,8,6-10,Male,0,0,0,0
SUBJ0229,during,18,11-20,Female,0,0,0,0
SUBJ0230,during,11,11-20,Male,0,0,0,1
SUBJ0231,during,10,6-10,Male,1,1,0,1
SUBJ0232,during,45,20+,Male,1,0,0,1
SUBJ0233,during,6,6-10,Male,0,1,0,1
SUBJ0234,during,11,11-20,Female,NA,1,0,1
SUBJ0235,during,5,0-5,Male,0,0,1,1
SUBJ0236,during,61,20+,Female,0,1,0,1
SUBJ0237,during,27,20+,Male,0,1,0,1
SUBJ0238,during,48,20+,Male,0,1,0,0
SUBJ0239,during,45,20+,Male,0,0,0,1
SUBJ0240,during,22,20+,Male,0,0,0,0
SUBJ0241,during,33,20+,Male,0,0,0,1
SUBJ0242,during,67,20+,Female,0,1,0,1
SUBJ0243,during,8,6-10,Female,0,0,0,1
SUBJ0244,during,16,11-20,Female,1,0,0,0
SUBJ0245,during,2,0-5,Female,1,1,0,1
SUBJ0246,during,16,11-20,Male,1,0,0,0
SUBJ0247,during,51,20+,Female,0,0,0,1
SUBJ0248,during,10,6-10,Male,0,0,0,0
SUBJ0249,during,60,20+,Male,1,0,0,0
SUBJ0250,during,9,6-10,Female,1,1,0,1
SUBJ0251,during,69,20+,Male,1,0,0,0
SUBJ0252,during,4,0-5,Female,1,0,0,0
SUBJ0253,during,3,0-5,Male,0,0,0,0
SUBJ0254,during,7,6-10,Male,1,1,0,0
SUBJ0255,during,26,20+,Female,1,1,0,0
SUBJ0256,during,53,20+,Male,0,1,0,0
SUBJ0257,during,33,20+,Female,0,1,0,0
SUBJ0258,during,5,0-5,Female,0,1,1,0
SUBJ0259,during,39,20+,Female,0,0,0,0
SUBJ0260,during,16,11-20,Male,0,0,0,0
SUBJ0261,during,4,0-5,Female,1,1,1,1
SUBJ0262,during,2,0-5,Female,1,0,0,1
SUBJ0263,during,63,20+,Female,0,1,0,0
SUBJ0264,during,30,20+,Female,1,0,0,0
SUBJ0265,during,2,0-5,Female,0,0,1,0
SUBJ0266,during,5,0-5,Female,0,0,1,0
SUBJ0267,during,20,11-20,Female,0,0,0,0
SUBJ0268,during,28,20+,Female,0,0,0,0
SUBJ0269,during,2,0-5,Male,0,0,0,0
SUBJ0270,during,11,11-20,Male,0,0,0,1
SUBJ0271,during,13,11-20,Male,0,1,0,0
SUBJ0272,during,33,20+,Male,0,0,0,1
SUBJ0273,during,55,20+,Male,1,1,0,1
SUBJ0274,during,8,6-10,Male,1,0,0,1
SUBJ0275,during,12,11-20,Female,1,0,0,0
SUBJ0276,during,24,20+,Female,0,1,0,0
SUBJ0277,during,21,20+,Female,0,0,0,1
SUBJ0278,during,41,20+,Female,0,0,0,1
SUBJ0279,during,9,6-10,Female,0,1,0,1
SUBJ0280,during,5,0-5,Male,1,0,0,0
SUBJ0281,during,43,20+,Male,0,0,0,0
SUBJ0282,during,3,0-5,Male,1,0,1,1
SUBJ0283,during,15,11-20,Male,1,0,0,1
SUBJ0284,during,9,6-10,Female,1,0,0,1
SUBJ0285,during,2,0-5,Female,0,1,1,1
SUBJ0286,during,66,20+,Female,0,0,0,0
SUBJ0287,during,19,11-20,Male,1,0,0,0
SUBJ0288,during,12,11-20,Female,0,1,0,1
SUBJ0289,during,5,0-5,Female,1,0,0,1
SUBJ0290,during,8,6-10,Male,0,0,0,0
SUBJ0291,during,4,0-5,Male,0,0,1,1
SUBJ0292,during,32,20+,Female,0,1,0,1
SUBJ0293,during,10,6-10,Male,0,1,0,0
SUBJ0294,during,17,11-20,Female,0,1,0,1
SUBJ0295,during,10,6-10,Female,1,0,0,1
SUBJ0296,during,27,20+,Male,1,1,0,0
SUBJ0297,during,42,20+,Male,0,0,0,0
SUBJ0298,during,18,11-20,Male,1,0,0,1
SUBJ0299,during,4,0-5,Female,1,1,0,0
SUBJ0300,during,29,20+,Male,0,0,0,0
SUBJ0301,during,34,20+,Male,1,0,0,1
SUBJ0302,during,8,6-10,Male,1,1,0,0
SUBJ0303,during,45,20+,Female,0,1,0,1
SUBJ0304,during,7,6-10,Female,0,0,0,1
SUBJ0305,during,4,0-5,Female,0,0,1,1
SUBJ0306,during,70,20+,Male,0,0,0,1
SUBJ0307,during,8,6-10,Male,0,1,0,0
SUBJ0308,during,57,20+,Male,1,0,0,1
SUBJ0309,during,52,20+,Male,0,0,0,0
SUBJ0310,during,25,20+,Female,1,0,0,1
SUBJ0311,during,56,20+,Male,0,0,0,0
SUBJ0312,during,10,6-10,Female,1,0,0,0
SUBJ0313,during,32,20+,Female,0,0,0,1
SUBJ0314,during,51,20+,Female,0,1,0,0
SUBJ0315,during,7,6-10,Female,1,0,0,0
SUBJ0316,during,62,20+,Male,0,0,0,0
SUBJ0317,during,22,20+,Male,0,0,0,0
SUBJ0318,during,47,20+,Male,0,0,0,1
SUBJ0319,during,4,0-5,Female,0,0,1,1
SUBJ0320,during,5,0-5,Male,0,0,1,1
SUBJ0321,during,18,11-20,Male,0,0,0,1
SUBJ0322,during,57,20+,Male,1,1,0,0
SUBJ0323,during,41,20+,Male,1,0,0,0
SUBJ0324,during,10,6-10,Male,1,1,0,1
SUBJ0325,during,11,11-20,Male,0,0,0,1
SUBJ0326,during,9,6-10,Male,1,0,0,0
SUBJ0327,during,64,20+,Male,0,1,0,0
SUBJ0328,during,15,11-20,Female,1,1,0,0
SUBJ0329,during,13,11-20,Female,0,1,0,0
SUBJ0330,during,34,20+,Male,0,0,0,1
SUBJ0331,during,21,20+,Male,1,0,0,1
SUBJ0332,during,35,20+,Female,0,0,0,1
SUBJ0333,during,16,11-20,Female,0,0,0,1
SUBJ0334,during,54,20+,Female,0,1,0,1
SUBJ0335,during,37,20+,Male,1,1,0,0
SUBJ0336,during,2,0-5,Male,0,0,1,0
SUBJ0337,during,9,6-10,Female,1,1,0,0
SUBJ0338,during,66,20+,Female,0,0,0,1
SUBJ0339,during,2,0-5,Female,0,0,1,1
SUBJ0340,during,18,11-20,Female,0,1,0,0
SUBJ0341,during,58,20+,Male,1,0,0,0
SUBJ0342,during,6,6-10,Female,1,0,0,0
SUBJ0343,during,33,20+,Female,0,0,0,0
SUBJ0344,during,58,20+,Female,0,1,0,1
SUBJ0345,during,7,6-10,Female,0,1,0,0
SUBJ0346,during,19,11-20,Female,0,0,0,0
SUBJ0347,during,25,20+,Female,0,0,0,0
SUBJ0348,during,4,0-5,Female,0,0,1,0
SUBJ0349,during,40,20+,Male,0,0,0,0
SUBJ0350,during,5,0-5,Male,0,1,1,1
SUBJ0351,during,21,20+,Female,0,1,0,1
SUBJ0352,during,29,20+,Male,1,0,0,0
SUBJ0353,during,7,6-10,Male,0,0,0,0
SUBJ0354,during,42,20+,Female,0,1,0,0
SUBJ0355,during,13,11-20,Male,1,0,0,0
SUBJ0356,during,16,11-20,Male,1,1,0,0
SUBJ0357,during,4,0-5,Male,0,0,1,0
SUBJ0358,during,67,20+,Female,1,0,0,1
SUBJ0359,during,9,6-10,Female,1,0,0,0
SUBJ0360,during,15,11-20,Female,0,0,0,1
SUBJ0361,during,52,20+,Female,0,0,0,1
SUBJ0362,during,8,6-10,Female,0,0,0,1
SUBJ0363,during,9,6-10,Male,1,1,0,0
SUBJ0364,during,11,11-20,Female,0,0,0,0
SUBJ0365,during,32,20+,Female,0,0,0,0
SUBJ0366,during,2,0-5,Female,0,0,1,0
SUBJ0367,during,6,6-10,Female,1,0,0,1
SUBJ0368,during,3,0-5,Male,1,0,0,1
SUBJ0369,during,44,20+,Female,0,0,0,1
SUBJ0370,during,2,0-5,Male,0,1,1,1
SUBJ0371,during,57,20+,Male,0,1,0,0
SUBJ0372,during,8,6-10,Male,0,0,0,0
SUBJ0373,during,20,11-20,Male,1,1,0,0
SUBJ0374,during,32,20+,Female,1,1,0,0
SUBJ0375,during,19,11-20,Male,1,0,0,0
SUBJ0376,during,5,0-5,Male,0,0,0,1
SUBJ0377,during,70,20+,Female,1,0,0,1
SUBJ0378,during,5,0-5,Male,0,0,1,0
SUBJ0379,during,14,11-20,Female,1,1,0,0
SUBJ0380,during,2,0-5,Female,0,0,0,0
SUBJ0381,during,55,20+,Male,0,0,0,1
SUBJ0382,during,13,11-20,Male,0,0,0,1
SUBJ0383,during,58,20+,Female,0,0,0,0
SUBJ0384,during,64,20+,Male,0,0,0,1
SUBJ0385,during,14,11-20,Female,0,0,0,1
SUBJ0386,during,7,6-10,Male,1,1,0,0
SUBJ0387,during,38,20+,Male,0,0,0,0
SUBJ0388,during,16,11-20,Female,1,0,0,1
SUBJ0389,during,14,11-20,Female,0,0,0,0
SUBJ0390,during,40,20+,Male,0,0,0,0
SUBJ0391,during,4,0-5,Female,1,0,0,0
SUBJ0392,during,49,20+,Female,0,0,0,0
SUBJ0393,during,11,11-20,Male,0,1,0,0
SUBJ0394,during,42,20+,Male,0,1,0,1
SUBJ0395,during,67,20+,Male,0,1,0,1
SUBJ0396,during,10,6-10,Female,1,0,0,0
SUBJ0397,during,33,20+,Female,0,0,0,1
SUBJ0398,during,15,11-20,Male,1,0,0,1
SUBJ0399,during,40,20+,Female,1,0,0,0
SUBJ0400,during,48,20+,Male,0,0,0,1
SUBJ0401,during,71,20+,Male,0,0,0,0
SUBJ0402,during,62,20+,Male,0,0,0,0
SUBJ0403,during,51,20+,Female,1,0,0,0
SUBJ0404,during,68,20+,Female,1,0,0,0
SUBJ0405,during,62,20+,Female,0,1,0,1
SUBJ0406,during,22,20+,Male,0,0,0,0
SUBJ0407,during,21,20+,Female,1,0,0,0
SUBJ0408,during,51,20+,Male,0,0,0,1
SUBJ0409,during,64,20+,Male,0,0,0,1
SUBJ0410,during,42,20+,Female,0,1,0,1
SUBJ0411,during,20,11-20,Female,0,1,0,1
SUBJ0412,during,2,0-5,Female,0,0,1,1
SUBJ0413,during,18,11-20,Female,0,0,0,0
SUBJ0414,during,60,20+,Male,0,1,0,0
SUBJ0415,during,18,11-20,Male,0,0,0,0
SUBJ0416,during,25,20+,Female,1,1,0,1
SUBJ0417,during,55,20+,Male,0,1,0,0
SUBJ0418,during,2,0-5,Female,0,1,1,1
SUBJ0419,during,54,20+,Male,0,1,0,0
SUBJ0420,during,3,0-5,Female,0,0,1,1
SUBJ0421,during,42,20+,Female,0,0,0,1
SUBJ0422,during,23,20+,Female,1,0,0,0
SUBJ0423,during,4,0-5,Male,0,1,1,0
SUBJ0424,during,22,20+,Male,0,0,0,1
SUBJ0425,during,27,20+,Male,0,0,0,1
SUBJ0426,during,41,20+,Female,0,0,0,0
SUBJ0427,during,18,11-20,Female,0,0,0,1
SUBJ0428,during,63,20+,Female,0,1,0,0
SUBJ0429,during,2,0-5,Male,0,0,1,1
SUBJ0430,during,2,0-5,Female,1,0,0,1
SUBJ0431,during,65,20+,Male,0,0,0,1
SUBJ0432,during,11,11-20,Female,0,0,0,0
SUBJ0433,during,15,11-20,Male,0,1,0,0
SUBJ0434,during,55,20+,Female,1,0,0,0
SUBJ0435,during,45,20+,Female,0,0,0,0
SUBJ0436,during,26,20+,Male,0,1,0,1
SUBJ0437,during,63,20+,Male,0,0,0,1
SUBJ0438,during,42,20+,Female,0,0,0,1
SUBJ0439,during,3,0-5,Female,0,1,0,1
SUBJ0440,during,38,20+,Female,NA,1,0,1
SUBJ0441,during,6,6-10,Female,0,0,0,1
SUBJ0442,during,9,6-10,Female,1,1,0,1
SUBJ0443,during,68,20+,Male,0,1,0,0
SUBJ0444,during,23,20+,Female,0,0,0,1
SUBJ0445,during,62,20+,Female,0,0,0,1
SUBJ0446,during,17,11-20,Female,0,1,0,0
SUBJ0447,during,26,20+,Male,0,1,0,0
SUBJ0448,during,2,0-5,Male,0,0,1,0
SUBJ0449,during,6,6-10,Female,1,1,0,0
SUBJ0450,during,18,11-20,Female,0,0,0,0
SUBJ0451,during,16,11-20,Female,0,1,0,1
SUBJ0452,during,48,20+,Female,1,0,0,0
SUBJ0453,during,2,0-5,Male,1,1,0,1
SUBJ0454,during,50,20+,Male,0,0,0,0
SUBJ0455,during,49,20+,Male,0,1,0,1
SUBJ0456,during,24,20+,Male,0,0,0,1
SUBJ0457,during,2,0-5,Female,1,1,0,0
SUBJ0458,during,10,6-10,Female,0,1,0,0
SUBJ0459,during,19,11-20,Female,1,0,0,0
SUBJ0460,during,17,11-20,Female,0,0,0,1
SUBJ0461,during,71,20+,Male,0,0,0,1
SUBJ0462,during,54,20+,Female,0,1,0,1
SUBJ0463,during,2,0-5,Male,0,1,1,1
SUBJ0464,during,60,20+,Male,0,0,0,0
SUBJ0465,during,21,20+,Female,1,1,0,0
SUBJ0466,during,5,0-5,Male,1,1,1,0
SUBJ0467,during,34,20+,Female,0,0,0,1
SUBJ0468,during,38,20+,Male,0,1,0,0
SUBJ0469,during,28,20+,Female,0,0,0,1
SUBJ0470,during,38,20+,Female,1,1,0,0
SUBJ0471,during,45,20+,Male,0,0,0,1
SUBJ0472,during,55,20+,Male,0,1,0,1
SUBJ0473,during,2,0-5,Female,1,0,1,0
SUBJ0474,during,10,6-10,Female,1,0,0,1
SUBJ0475,during,70,20+,Male,0,0,0,1
SUBJ0476,during,3,0-5,Male,1,0,0,1
SUBJ0477,during,3,0-5,Male,0,1,1,0
SUBJ0478,during,25,20+,Female,0,1,0,1
SUBJ0479,during,63,20+,Female,0,0,0,0
SUBJ0480,during,35,20+,Female,0,0,0,1
SUBJ0481,during,10,6-10,Male,1,1,0,0
SUBJ0482,during,64,20+,Male,0,0,0,0
SUBJ0483,during,4,0-5,Female,1,0,1,1
SUBJ0484,during,5,0-5,Male,0,0,0,1
SUBJ0485,during,3,0-5,Male,0,0,1,1
SUBJ0486,during,21,20+,Female,0,1,0,1
SUBJ0487,during,20,11-20,Female,0,0,0,0
SUBJ0488,during,67,20+,Female,0,0,0,1
SUBJ0489,during,11,11-20,Male,1,0,0,0
SUBJ0490,during,64,20+,Female,NA,0,0,0
SUBJ0491,during,18,11-20,Female,1,0,0,1
SUBJ0492,during,11,11-20,Male,0,0,0,1
SUBJ0493,during,67,20+,Male,1,1,0,1
SUBJ0494,during,58,20+,Male,1,0,0,0
SUBJ0495,during,5,0-5,Male,0,0,0,0
SUBJ0496,during,17,11-20,Female,0,0,0,1
SUBJ0497,during,36,20+,Male,0,0,0,0
SUBJ0498,during,5,0-5,Female,0,1,1,0
SUBJ0499,during,54,20+,Female,0,0,0,1
SUBJ0500,during,10,6-10,Male,0,0,0,1
SUBJ0501,during,6,6-10,Female,0,0,0,1
SUBJ0502,during,31,20+,Female,0,0,0,1
SUBJ0503,during,9,6-10,Female,1,0,0,1
SUBJ0504,during,14,11-20,Male,0,0,0,1
SUBJ0505,during,26,20+,Male,0,0,0,1
SUBJ0506,during,6,6-10,Female,0,0,0,1
SUBJ0507,during,18,11-20,Male,0,1,0,0
SUBJ0508,during,6,6-10,Male,1,0,0,1
SUBJ0509,during,9,6-10,Female,0,0,0,1
SUBJ0510,during,56,20+,Female,0,0,0,1
SUBJ0511,during,11,11-20,Male,1,0,0,0
SUBJ0512,during,24,20+,Male,0,0,0,1
SUBJ0513,during,54,20+,Male,0,0,0,0
SUBJ0514,during,9,6-10,Male,0,0,0,1
SUBJ0515,during,3,0-5,Male,0,1,1,0
SUBJ0516,during,21,20+,Female,0,1,0,0
SUBJ0517,during,2,0-5,Male,1,1,1,0
SUBJ0518,during,9,6-10,Female,0,0,0,0
SUBJ0519,during,12,11-20,Male,0,1,0,0
SUBJ0520,during,9,6-10,Male,0,1,0,0
SUBJ0521,during,13,11-20,Female,1,1,0,0
SUBJ0522,during,26,20+,Female,0,1,0,1
SUBJ0523,during,14,11-20,Male,1,0,0,1
SUBJ0524,during,48,20+,Male,1,0,0,1
SUBJ0525,during,4,0-5,Male,1,0,0,0
SUBJ0526,during,69,20+,Female,0,1,0,1
SUBJ0527,during,18,11-20,Male,0,1,0,1
SUBJ0528,during,64,20+,Female,1,0,0,1
SUBJ0529,during,14,11-20,Female,0,1,0,1
SUBJ0530,during,64,20+,Female,0,1,0,1
SUBJ0531,during,14,11-20,Female,1,1,0,1
SUBJ0532,during,5,0-5,Male,0,0,0,1
SUBJ0533,during,9,6-10,Male,0,0,0,0
SUBJ0534,during,4,0-5,Male,1,0,0,0
SUBJ0535,during,70,20+,Male,0,1,0,1
SUBJ0536,during,71,20+,Male,0,1,0,1
SUBJ0537,during,65,20+,Female,0,1,0,1
SUBJ0538,during,65,20+,Female,0,0,0,1
SUBJ0539,during,64,20+,Male,0,1,0,1
SUBJ0540,during,71,20+,Male,0,0,0,0
SUBJ0541,during,36,20+,Female,1,0,0,1
SUBJ0542,during,15,11-20,Female,1,0,0,0
SUBJ0543,during,22,20+,Female,0,0,0,0
SUBJ0544,during,3,0-5,Female,0,1,0,0
SUBJ0545,during,28,20+,Male,1,0,0,1
SUBJ0546,during,9,6-10,Female,0,1,0,1
SUBJ0547,during,46,20+,Male,0,1,0,1
SUBJ0548,during,48,20+,Male,0,0,0,0
SUBJ0549,during,31,20+,Male,0,0,0,1
SUBJ0550,during,61,20+,Female,0,0,0,0
SUBJ0551,during,10,6-10,Male,1,1,0,0
SUBJ0552,during,41,20+,Female,1,1,0,1
SUBJ0553,during,40,20+,Female,0,0,0,1
SUBJ0554,during,30,20+,Male,1,0,0,0
SUBJ0555,during,13,11-20,Male,0,0,0,0
SUBJ0556,during,63,20+,Female,0,1,0,0
SUBJ0557,during,28,20+,Female,0,0,0,0
SUBJ0558,during,14,11-20,Male,0,0,0,0
SUBJ0559,during,28,20+,Female,1,0,0,1
SUBJ0560,during,54,20+,Female,0,0,0,1
SUBJ0561,during,44,20+,Female,0,0,0,0
SUBJ0562,during,11,11-20,Female,0,0,0,1
SUBJ0563,during,36,20+,Female,0,0,0,0
SUBJ0564,during,16,11-20,Male,0,0,0,0
SUBJ0565,during,14,11-20,Male,1,1,0,0
SUBJ0566,during,11,11-20,Female,0,1,0,0
SUBJ0567,during,2,0-5,Female,0,0,0,0
SUBJ0568,during,54,20+,Male,0,0,0,1
SUBJ0569,during,11,11-20,Male,0,0,0,0
SUBJ0570,during,56,20+,Male,0,0,0,0
SUBJ0571,during,11,11-20,Male,1,0,0,0
SUBJ0572,during,61,20+,Male,1,0,0,0
SUBJ0573,during,6,6-10,Female,0,0,0,0
SUBJ0574,during,7,6-10,Male,0,1,0,0
SUBJ0575,during,18,11-20,Male,0,1,0,1
SUBJ0576,during,6,6-10,Female,1,1,0,0
SUBJ0577,during,21,20+,Female,0,0,0,1
SUBJ0578,during,11,11-20,Female,0,0,0,1
SUBJ0579,during,41,20+,Female,0,0,0,0
SUBJ0580,during,34,20+,Female,0,0,0,0
SUBJ0581,during,6,6-10,Female,0,0,0,1
SUBJ0582,during,9,6-10,Female,0,0,0,0
SUBJ0583,during,27,20+,Female,0,0,0,1
SUBJ0584,during,16,11-20,Male,0,0,0,0
SUBJ0585,during,31,20+,Male,0,1,0,0
SUBJ0586,during,13,11-20,Female,0,0,0,1
SUBJ0587,during,5,0-5,Female,0,0,1,1
SUBJ0588,during,62,20+,Male,0,1,0,0
SUBJ0589,during,58,20+,Male,0,1,0,0
SUBJ0590,during,27,20+,Male,1,0,0,1
SUBJ0591,during,10,6-10,Male,0,0,0,1
SUBJ0592,during,33,20+,Male,0,0,0,1
SUBJ0593,during,55,20+,Male,1,1,0,1
SUBJ0594,during,39,20+,Male,0,1,0,0
SUBJ0595,during,10,6-10,Male,0,0,0,1
SUBJ0596,during,21,20+,Female,0,0,0,1
SUBJ0597,during,66,20+,Male,0,0,0,1
SUBJ0598,during,30,20+,Male,0,0,0,1
SUBJ0599,during,7,6-10,Female,1,1,0,0
SUBJ0600,during,24,20+,Male,0,1,0,1
SUBJ0601,during,56,20+,Male,0,0,0,1
SUBJ0602,during,18,11-20,Male,0,0,0,0
SUBJ0603,during,11,11-20,Male,1,0,0,0
SUBJ0604,during,57,20+,Male,0,0,0,1
SUBJ0605,during,64,20+,Male,0,0,0,1
SUBJ0606,during,9,6-10,Female,1,0,0,0
SUBJ0607,during,20,11-20,Female,0,0,0,1
SUBJ0608,during,3,0-5,Male,0,0,0,0
SUBJ0609,during,27,20+,Female,0,1,0,1
SUBJ0610,during,71,20+,Male,1,0,0,1
SUBJ0611,during,57,20+,Female,1,0,0,0
SUBJ0612,during,21,20+,Female,0,0,0,0
SUBJ0613,during,15,11-20,Female,0,0,0,0
SUBJ0614,during,9,6-10,Male,0,0,0,0
SUBJ0615,during,43,20+,Female,0,0,0,0
SUBJ0616,during,9,6-10,Female,0,0,0,0
SUBJ0617,during,41,20+,Female,1,0,0,1
SUBJ0618,during,30,20+,Male,1,0,0,1
SUBJ0619,during,64,20+,Male,0,0,0,0
SUBJ0620,during,62,20+,Female,0,0,0,0
SUBJ0621,during,6,6-10,Female,0,0,0,0
SUBJ0622,during,33,20+,Male,1,1,0,0
SUBJ0623,during,16,11-20,Male,0,0,0,1
SUBJ0624,during,9,6-10,Female,0,0,0,0
SUBJ0625,during,61,20+,Female,0,0,0,0
SUBJ0626,during,48,20+,Male,0,0,0,0
SUBJ0627,during,5,0-5,Male,1,0,0,1
SUBJ0628,during,67,20+,Female,0,1,0,1
SUBJ0629,during,42,20+,Female,0,0,0,1
SUBJ0630,during,68,20+,Male,0,0,0,1
SUBJ0631,during,4,0-5,Female,1,0,0,1
SUBJ0632,during,28,20+,Female,0,1,0,0
SUBJ0633,during,10,6-10,Female,1,0,0,0
SUBJ0634,during,32,20+,Female,1,1,0,0
SUBJ0635,during,36,20+,Female,1,0,0,1
SUBJ0636,during,8,6-10,Female,1,0,0,0
SUBJ0637,during,2,0-5,Male,0,0,1,1
SUBJ0638,during,21,20+,Male,0,0,0,1
SUBJ0639,during,25,20+,Male,0,0,0,0
SUBJ0640,during,12,11-20,Male,1,0,0,0
SUBJ0641,during,22,20+,Male,0,0,0,1
SUBJ0642,during,25,20+,Female,0,1,0,0
SUBJ0643,during,58,20+,Female,0,0,0,0
SUBJ0644,during,64,20+,Female,0,0,0,1
SUBJ0645,during,12,11-20,Female,0,1,0,0
SUBJ0646,during,38,20+,Female,0,1,0,1
SUBJ0647,during,5,0-5,Male,0,0,1,1
SUBJ0648,during,13,11-20,Female,0,0,0,0
SUBJ0649,during,8,6-10,Male,0,0,0,1
SUBJ0650,during,31,20+,Male,1,0,0,0
SUBJ0651,during,50,20+,Female,0,0,0,1
SUBJ0652,during,64,20+,Female,1,0,0,0
SUBJ0653,during,18,11-20,Female,0,1,0,1
SUBJ0654,during,2,0-5,Female,0,0,1,1
SUBJ0655,during,20,11-20,Female,0,0,0,0
SUBJ0656,during,44,20+,Female,0,0,0,0
SUBJ0657,during,25,20+,Female,0,0,0,1
SUBJ0658,during,33,20+,Female,0,1,0,1
SUBJ0659,during,20,11-20,Male,0,0,0,1
SUBJ0660,during,47,20+,Female,0,0,0,1
SUBJ0661,during,43,20+,Female,0,0,0,0
SUBJ0662,during,23,20+,Female,1,0,0,0
SUBJ0663,during,71,20+,Male,0,0,0,0
SUBJ0664,during,42,20+,Male,NA,0,0,1
SUBJ0665,during,4,0-5,Female,0,1,1,1
SUBJ0666,during,16,11-20,Female,1,1,0,1
SUBJ0667,during,4,0-5,Female,1,0,0,0
SUBJ0668,during,9,6-10,Female,0,0,0,0
SUBJ0669,during,67,20+,Male,0,1,0,1
SUBJ0670,during,54,20+,Female,0,0,0,1
SUBJ0671,during,34,20+,Male,1,0,0,1
SUBJ0672,during,25,20+,Female,0,0,0,1
SUBJ0673,during,29,20+,Female,1,0,0,1
SUBJ0674,during,5,0-5,Female,1,1,0,0
SUBJ0675,during,20,11-20,Male,0,0,0,1
SUBJ0676,during,38,20+,Male,0,0,0,1
SUBJ0677,during,41,20+,Female,0,1,0,0
SUBJ0678,during,14,11-20,Male,0,1,0,1
SUBJ0679,during,68,20+,Female,0,0,0,1
SUBJ0680,during,24,20+,Female,0,0,0,0
SUBJ0681,during,68,20+,Male,1,0,0,0
SUBJ0682,during,2,0-5,Male,1,0,0,1
SUBJ0683,during,10,6-10,Female,0,0,0,0
SUBJ0684,during,45,20+,Female,0,0,0,0
SUBJ0685,during,70,20+,Female,0,0,0,1
SUBJ0686,during,45,20+,Male,0,0,0,1
SUBJ0687,during,18,11-20,Male,0,1,0,1
SUBJ0688,during,6,6-10,Female,0,0,0,1
SUBJ0689,during,6,6-10,Male,0,1,0,1
SUBJ0690,during,8,6-10,Male,0,0,0,0
SUBJ0691,during,22,20+,Female,1,0,0,1
SUBJ0692,during,61,20+,Female,0,1,0,1
SUBJ0693,during,21,20+,Male,0,0,0,1
SUBJ0694,during,52,20+,Male,0,0,0,0
SUBJ0695,during,19,11-20,Male,0,0,0,1
SUBJ0696,during,2,0-5,Male,1,0,0,0
SUBJ0697,during,36,20+,Female,0,0,0,0
SUBJ0698,during,24,20+,Female,0,1,0,0
SUBJ0699,during,33,20+,Female,0,0,0,1
SUBJ0700,during,67,20+,Male,0,0,0,1
SUBJ0701,during,4,0-5,Male,0,1,0,0
SUBJ0702,during,4,0-5,Female,0,0,1,0
SUBJ0703,during,26,20+,Female,0,1,0,1
SUBJ0704,during,61,20+,Male,0,0,0,0
SUBJ0705,during,56,20+,Female,0,1,0,1
SUBJ0706,during,7,6-10,Female,0,0,0,0
SUBJ0707,during,49,20+,Female,0,0,0,1
SUBJ0708,during,23,20+,Male,1,1,0,0
SUBJ0709,during,5,0-5,Female,0,1,0,0
SUBJ0710,during,66,20+,Female,0,1,0,1
SUBJ0711,during,65,20+,Male,0,0,0,0
SUBJ0712,during,5,0-5,Female,0,0,0,1
SUBJ0713,during,31,20+,Male,0,0,0,0
SUBJ0714,during,6,6-10,Male,1,0,0,0
SUBJ0715,during,17,11-20,Male,1,0,0,1
SUBJ0716,during,41,20+,Male,0,0,0,1
SUBJ0717,during,11,11-20,Male,0,0,0,0
SUBJ0718,during,9,6-10,Male,0,0,0,0
SUBJ0719,during,16,11-20,Male,1,0,0,0
SUBJ0720,during,51,20+,Male,0,0,0,1
SUBJ0721,during,52,20+,Male,0,1,0,1
SUBJ0722,during,49,20+,Male,0,1,0,0
SUBJ0723,during,35,20+,Male,0,1,0,1
SUBJ0724,during,62,20+,Female,0,1,0,0
SUBJ0725,during,32,20+,Female,0,0,0,0
SUBJ0726,during,4,0-5,Male,0,0,1,0
SUBJ0727,during,47,20+,Female,1,0,0,0
SUBJ0728,during,38,20+,Male,0,1,0,1
SUBJ0729,during,67,20+,Female,0,0,0,1
SUBJ0730,during,3,0-5,Male,0,0,1,0
SUBJ0731,during,3,0-5,Male,1,0,0,0
SUBJ0732,during,34,20+,Female,0,1,0,1
SUBJ0733,during,8,6-10,Male,1,0,0,1
SUBJ0734,during,8,6-10,Female,1,0,0,1
SUBJ0735,during,21,20+,Female,NA,0,0,1
SUBJ0736,during,22,20+,Female,0,0,0,1
SUBJ0737,during,18,11-20,Male,0,0,0,1
SUBJ0738,during,58,20+,Female,0,0,0,1
SUBJ0739,during,47,20+,Male,1,0,0,1
SUBJ0740,during,5,0-5,Female,1,0,0,1
SUBJ0741,during,49,20+,Female,0,0,0,0
SUBJ0742,during,56,20+,Female,0,0,0,1
SUBJ0743,during,22,20+,Female,0,0,0,0
SUBJ0744,during,52,20+,Female,0,1,0,1
SUBJ0745,during,45,20+,Male,0,1,0,0
SUBJ0746,during,10,6-10,Male,0,1,0,1
SUBJ0747,during,65,20+,Male,0,0,0,0
SUBJ0748,during,9,6-10,Male,1,1,0,1
SUBJ0749,during,10,6-10,Male,0,0,0,1
SUBJ0750,during,7,6-10,Female,0,0,0,0
SUBJ0751,during,69,20+,Male,1,0,0,0
SUBJ0752,during,68,20+,Male,0,0,0,0
SUBJ0753,during,20,11-20,Female,0,1,0,0
SUBJ0754,during,46,20+,Male,1,1,0,1
SUBJ0755,during,30,20+,Male,0,0,0,1
SUBJ0756,during,50,20+,Female,0,0,0,0
SUBJ0757,during,5,0-5,Female,0,0,1,0
SUBJ0758,during,6,6-10,Female,1,0,0,0
SUBJ0759,during,58,20+,Male,0,0,0,1
SUBJ0760,during,40,20+,Male,0,0,0,1
SUBJ0761,during,21,20+,Male,1,0,0,1
SUBJ0762,during,11,11-20,Male,0,0,0,0
SUBJ0763,during,49,20+,Female,0,0,0,0
SUBJ0764,during,40,20+,Male,1,0,0,0
SUBJ0765,during,60,20+,Female,0,1,0,0
SUBJ0766,during,71,20+,Female,1,0,0,1
SUBJ0767,during,19,11-20,Male,1,0,0,1
SUBJ0768,during,63,20+,Male,1,0,0,0
SUBJ0769,during,32,20+,Female,1,1,0,1
SUBJ0770,during,23,20+,Female,0,1,0,1
SUBJ0771,during,14,11-20,Male,1,0,0,1
SUBJ0772,during,42,20+,Female,0,1,0,0
SUBJ0773,during,30,20+,Female,0,0,0,0
SUBJ0774,during,18,11-20,Male,1,0,0,1
SUBJ0775,during,41,20+,Male,0,0,0,1
SUBJ0776,during,9,6-10,Male,1,1,0,1
SUBJ0777,during,26,20+,Male,0,0,0,1
SUBJ0778,during,54,20+,Male,0,0,0,1
SUBJ0779,during,31,20+,Male,0,1,0,1
SUBJ0780,during,6,6-10,Female,0,1,0,1
SUBJ0781,during,10,6-10,Female,1,1,0,1
SUBJ0782,during,50,20+,Female,0,0,0,0
SUBJ0783,during,31,20+,Male,0,1,0,1
SUBJ0784,during,17,11-20,Male,0,0,0,1
SUBJ0785,during,4,0-5,Male,0,0,1,1
SUBJ0786,during,26,20+,Male,0,0,0,1
SUBJ0787,during,6,6-10,Female,1,0,0,0
SUBJ0788,during,41,20+,Male,0,0,0,1
SUBJ0789,during,6,6-10,Female,1,1,0,1
SUBJ0790,during,16,11-20,Male,0,1,0,1
SUBJ0791,during,4,0-5,Male,0,0,1,0
SUBJ0792,during,62,20+,Female,0,0,0,1
SUBJ0793,during,24,20+,Male,0,1,0,0
SUBJ0794,during,5,0-5,Male,0,1,0,1
SUBJ0795,during,51,20+,Female,0,0,0,1
SUBJ0796,during,8,6-10,Female,0,0,0,1
SUBJ0797,during,50,20+,Female,0,0,0,1
SUBJ0798,during,11,11-20,Female,0,0,0,0
SUBJ0799,during,61,20+,Female,0,0,0,0
SUBJ0800,during,38,20+,Male,0,1,0,1
SUBJ0801,during,37,20+,Male,0,1,0,1
SUBJ0802,during,51,20+,Female,0,0,0,0
SUBJ0803,during,44,20+,Male,0,1,0,1
SUBJ0804,during,62,20+,Female,0,0,0,1
SUBJ0805,during,8,6-10,Female,1,0,0,0
SUBJ0806,during,19,11-20,Female,0,0,0,0
SUBJ0807,during,55,20+,Female,0,0,0,1
SUBJ0808,during,63,20+,Female,0,1,0,1
SUBJ0809,during,15,11-20,Male,1,0,0,1
SUBJ0810,during,43,20+,Female,1,0,0,0
SUBJ0811,during,52,20+,Female,0,0,0,0
SUBJ0812,during,20,11-20,Male,1,1,0,1
SUBJ0813,during,51,20+,Male,0,0,0,0
SUBJ0814,during,7,6-10,Male,0,0,0,0
SUBJ0815,during,4,0-5,Female,0,0,1,1
SUBJ0816,during,18,11-20,Male,0,0,0,1
SUBJ0817,during,5,0-5,Female,0,0,1,0
SUBJ0818,during,11,11-20,Female,0,0,0,0
SUBJ0819,during,10,6-10,Male,1,1,0,1
SUBJ0820,during,2,0-5,Female,0,0,0,1
SUBJ0821,during,21,20+,Female,1,0,0,1
SUBJ0822,during,4,0-5,Female,0,0,1,0
SUBJ0823,during,4,0-5,Female,0,1,1,1
SUBJ0824,during,4,0-5,Female,1,0,1,0
SUBJ0825,during,54,20+,Female,1,1,0,0
SUBJ0826,during,62,20+,Female,1,0,0,0
SUBJ0827,during,46,20+,Female,0,0,0,1
SUBJ0828,during,7,6-10,Female,1,0,0,1
SUBJ0829,during,56,20+,Female,1,0,0,0
SUBJ0830,during,65,20+,Female,1,0,0,0
SUBJ0831,during,9,6-10,Female,1,1,0,0
SUBJ0832,during,32,20+,Male,0,1,0,1
SUBJ0833,during,8,6-10,Female,0,1,0,1
SUBJ0834,during,11,11-20,Male,0,0,0,0
SUBJ0835,during,13,11-20,Female,1,0,0,1
SUBJ0836,during,48,20+,Male,0,0,0,1
SUBJ0837,during,5,0-5,Female,0,1,1,1
SUBJ0838,during,8,6-10,Male,0,1,0,1
SUBJ0839,during,16,11-20,Female,1,0,0,0
SUBJ0840,during,65,20+,Female,0,1,0,1
SUBJ0841,during,17,11-20,Female,0,1,0,1
SUBJ0842,during,5,0-5,Female,0,0,1,0
SUBJ0843,during,14,11-20,Female,0,0,0,1
SUBJ0844,during,42,20+,Female,0,1,0,1
SUBJ0845,during,48,20+,Male,0,1,0,0
SUBJ0846,during,3,0-5,Male,0,0,0,1
SUBJ0847,during,38,20+,Male,0,0,0,1
SUBJ0848,during,14,11-20,Male,1,0,0,1
SUBJ0849,during,71,20+,Female,0,1,0,0
SUBJ0850,during,2,0-5,Male,0,1,1,1
SUBJ0851,during,29,20+,Female,0,0,0,0
SUBJ0852,during,33,20+,Male,1,0,0,0
SUBJ0853,during,4,0-5,Male,0,0,1,1
SUBJ0854,during,7,6-10,Female,1,1,0,1
SUBJ0855,during,16,11-20,Male,1,1,0,0
SUBJ0856,during,3,0-5,Female,0,0,1,0
SUBJ0857,during,32,20+,Female,1,1,0,0
SUBJ0858,during,24,20+,Female,0,0,0,0
SUBJ0859,during,35,20+,Male,1,0,0,0
SUBJ0860,during,9,6-10,Male,1,0,0,0
SUBJ0861,during,10,6-10,Female,0,0,0,0
SUBJ0862,during,6,6-10,Male,0,0,0,0
SUBJ0863,during,4,0-5,Male,0,1,0,1
SUBJ0864,during,2,0-5,Male,0,0,0,1
SUBJ0865,during,52,20+,Male,0,0,0,0
SUBJ0866,during,8,6-10,Male,1,0,0,1
SUBJ0867,during,44,20+,Male,0,1,0,0
SUBJ0868,during,12,11-20,Male,0,0,0,1
SUBJ0869,during,67,20+,Male,NA,0,0,0
SUBJ0870,during,35,20+,Male,0,0,0,1
SUBJ0871,during,18,11-20,Female,0,1,0,1
SUBJ0872,during,58,20+,Male,1,0,0,0
SUBJ0873,during,6,6-10,Female,1,1,0,0
SUBJ0874,during,11,11-20,Female,0,0,0,1
SUBJ0875,during,50,20+,Female,0,0,0,1
SUBJ0876,during,66,20+,Female,0,1,0,0
SUBJ0877,during,41,20+,Female,0,0,0,0
SUBJ0878,during,4,0-5,Female,0,1,1,0
SUBJ0879,during,40,20+,Male,0,0,0,1
SUBJ0880,during,41,20+,Male,0,1,0,0
SUBJ0881,during,6,6-10,Female,0,0,0,1
SUBJ0882,during,5,0-5,Female,1,1,0,0
SUBJ0883,during,71,20+,Male,0,0,0,1
SUBJ0884,during,71,20+,Male,0,0,0,1
SUBJ0885,during,22,20+,Male,1,1,0,1
SUBJ0886,during,21,20+,Male,1,1,0,1
SUBJ0887,during,61,20+,Female,0,0,0,1
SUBJ0888,during,54,20+,Male,0,0,0,1
SUBJ0889,during,52,20+,Female,1,0,0,1
SUBJ0890,during,21,20+,Female,0,1,0,1
SUBJ0891,during,63,20+,Female,0,0,0,0
SUBJ0892,during,8,6-10,Female,0,0,0,0
SUBJ0893,during,4,0-5,Male,0,1,0,1
SUBJ0894,during,3,0-5,Female,0,0,1,1
SUBJ0895,during,5,0-5,Male,0,1,1,1
SUBJ0896,during,12,11-20,Male,0,1,0,0
SUBJ0897,during,48,20+,Female,0,0,0,1
SUBJ0898,during,43,20+,Male,0,1,0,1
SUBJ0899,during,26,20+,Female,0,0,0,1
SUBJ0900,during,5,0-5,Male,1,0,0,0
