mouse_id,cage_number,weight_lost_g,drug_dose_g,tail_length_mm,initial_weight_g,sex
1,1A,2.5,0.00222,17.2,40,female
2,2B,4.23,0.00219,17,40,female
3,2B,4.39,0.00196,13.8,44.3,female
4,3E,3.06,0.00215,18.8,41.9,male
5,1A,4.57,0.00194,17.4,45.1,male
6,2B,4.19,0.0019,18.3,43.3,female
7,3E,2.88,0.00209,18.3,44,female
8,2B,4.84,0.00183,19.3,36.6,male
9,3E,4.56,0.00185,17.8,49.4,male
10,2B,5.14,0.00214,18.6,42.8,male
11,2B,3.01,0.00182,16.2,54.3,female
12,2B,3.69,0.00192,15.8,39.8,male
13,2B,4.63,0.00194,18.6,54.7,male
14,2B,5.28,0.0022,17.1,47.5,female
15,2B,2.63,0.002,18.3,44.9,male
16,3E,6.38,0.00194,17.3,49.3,male
17,3E,6.43,0.00233,18.2,49.5,female
18,3E,5.05,0.0021,12.7,54.3,female
19,3E,5.87,0.00212,14.6,44.3,male
20,3E,5.59,0.00222,13.8,42.8,male
21,3E,6.16,0.00206,17.4,39.5,male
22,3E,4.97,0.00214,16.1,41.1,female
23,3E,5.23,0.00201,18.2,34.7,male
24,3E,5.93,0.00218,12.6,44.8,female
25,3E,5.04,0.00228,15.9,42.6,female
26,3E,5.19,0.00231,12.3,46.2,male
