mouse_strain,weight_lost_g,drug_dose_g,tail_length_mm,initial_weight_g,sex,cage_number
CD1,3.2986961527919965,0.002022929988646266,19.104798421562585,37.73725882927616,male,1A
CD1,3.614657448216518,0.0019128938125252614,17.094088433341508,34.0543070377567,female,1A
CD1,4.505096565172647,0.0016623652662953264,19.11909410543537,34.612830774379155,female,1A
CD1,3.506774470944644,0.0017388197122717819,21.29026288971746,36.60167202756522,female,1A
CD1,3.754104527349002,0.001871859004111588,19.579970629136906,38.577178035261134,male,1A
CD1,5.005997428797405,0.0019313456092258589,17.22085705216752,24.95848987316502,female,1A
CD1,5.046137012434073,0.001935720282010888,20.38344498637515,44.89055111549193,male,1A
CD1,2.181352703469429,0.0019074846510373125,16.51647989549903,42.46566722672657,female,1A
CD1,3.2469352300457888,0.0020444119428528,21.37972696820945,51.81343677080789,male,1A
CD1,4.041145939350511,0.0022142111226520307,17.236935827610935,38.34712191286792,male,1A
CD1,4.685650006168919,0.001857851173857985,15.594653753261724,34.15572777662792,female,1A
CD1,3.739727779304138,0.001942714338037307,16.385336830823178,53.9980044073723,female,1A
CD1,4.822707504985908,0.0017242703667960423,19.019013944074484,57.98850479620931,male,1A
CD1,3.4141234718809677,0.0018539215224538533,17.03472013671867,27.735269271443386,female,1A
CD1,3.752427934926148,0.0018598508380844093,22.25284884451188,48.56498020922349,male,1A
CD1,4.838850694453187,0.0016034851029887464,20.23401175355517,36.64476066359451,female,3E
CD1,4.000877072075012,0.0017747847649173718,17.267610559086044,38.72292068361586,male,3E
CD1,2.2164487891098066,0.0020322520529012533,17.236989324681513,37.144355716323915,female,3E
CD1,4.514742854724987,0.001570701049039504,16.048669357132617,31.299084887135713,male,3E
CD1,3.4193008874746402,0.0017401135379798175,16.383577177352024,40.361794696462496,male,3E
CD1,2.940171478250166,0.0018863476079055868,18.42929548222966,44.86605367827326,female,3E
CD1,3.3744831542899862,0.0017048101234438781,19.552356798317632,39.7026461890431,male,3E
CD1,2.373845005359307,0.0019167990527113783,17.267235725556336,39.60900785503167,female,3E
CD1,2.563085264277191,0.00177766505199929,14.506965221630995,45.54832645597079,female,3E
CD1,3.4467085046929595,0.001795369729455612,18.7199443820237,45.41303108057642,male,3E
CD1,1.891847893158828,0.0014343854969144638,19.03785036912069,30.484928573699726,female,2B
CD1,4.574599366890028,0.0021404095382112276,20.446543476087513,38.44990228417027,male,2B
CD1,3.423498458075212,0.0018512257379346593,16.246345651640375,48.54270141535454,female,2B
CD1,2.9835541535430923,0.0019312697219204275,15.852063540974195,48.63967697090061,male,2B
CD1,4.334591587157291,0.0019883704688216644,21.84049989156665,38.69657604122295,female,2B
CD1,4.493395730096406,0.002103615795564047,20.780152950848223,43.14411739591701,male,2B
CD1,3.7124037791918987,0.002014601228861306,19.80809554234716,32.254358296903604,male,2B
CD1,4.270769326998034,0.0017705958815297563,19.328209607341385,43.84131999843338,female,2B
CD1,4.0070869603768315,0.0018630031073486916,16.12157626282805,32.38043532346469,female,2B
CD1,5.311550069511842,0.0017074937172149292,17.66596510117482,37.29525109063764,male,2B
CD1,3.704504014455365,0.0019401043179089782,14.966506186301109,41.61650624674995,female,2B
CD1,4.346023247603597,0.0018853819485329475,17.03513350665432,34.58270863112057,male,2B
CD1,3.0501477123183087,0.0021987292808168394,18.734042518268044,37.45968738862435,female,2B
CD1,4.153634028352078,0.0017285928619854743,17.012565738204092,46.442405864399696,male,2B
CD1,2.6936387378037976,0.0017849686370582853,18.061814814954605,37.3002953510944,female,2B
CD1,4.040610962853192,0.002015683304301128,19.369786522646955,49.564946324297594,male,2B
CD1,3.2575817222416643,0.0018914989804296788,17.219387705081125,35.50912152903023,male,2B
CD1,2.4310828619963445,0.0018173797212227756,18.345687102770622,39.31472537223355,female,2B
CD1,5.89647761700888,0.0017702935507333396,22.67314795462445,41.81366822108885,male,2B
CD1,4.4726700891816975,0.0018802493756708513,19.78954640268343,38.173594965403694,female,3E
CD1,3.395655221506964,0.0018779947065516998,18.480851621382662,42.63796103866876,male,3E
CD1,3.1255907642540226,0.0016490783837848127,17.715607104758792,29.41976759290792,female,3E
CD1,3.674241735201334,0.0020048425964740795,19.329239450222484,34.81717255321438,male,3E
CD1,3.5280402382486646,0.001896662234554624,20.938577609042973,31.795848090199154,female,3E
CD1,3.6328699102836555,0.001934489241697657,20.815531469058254,50.979778868874135,male,3E
CD1,3.753976070393269,0.001712131287557372,19.143133157876882,39.304959057558364,female,3E
CD1,3.777013701499026,0.0019967337227463173,18.234158306895004,42.412504801253284,male,3E
CD1,2.8154800303525143,0.002003217154730636,17.335000268540867,35.46179170257476,female,3E
CD1,4.852020185663582,0.0020039450234293995,19.894173622253824,40.17296870868165,male,3E
CD1,2.9682056347269343,0.0016908385853514733,14.848700007692198,30.49558021075684,female,3E
CD1,5.621086093868562,0.0018889409534789232,17.696561457014486,47.63222831214419,male,3E
CD1,2.3529197687304526,0.0018985090709709026,18.263914451875156,40.79755914646138,female,3E
CD1,4.520740229240051,0.0018293116030063008,15.188427467570918,36.68977697870711,male,3E
CD1,2.949729394281372,0.001537589353932913,17.10331557907229,36.69833360836071,female,3E
CD1,4.123879563448985,0.002043934519494905,18.492796884417675,45.51738005039231,male,3E
CD1,3.655691710559685,0.0018337423648358113,17.31038766159999,38.55004576527574,female,3E
CD1,3.6955212178698678,0.0017996111386622488,19.473024864597424,49.20420563851847,male,3E
CD1,2.781696149345333,0.002110783179527208,15.156838295210731,32.54777327037593,female,1A
CD1,3.6298270060521327,0.001871497663675325,21.34238663111417,47.9037809752021,male,1A
CD1,2.736976768058107,0.002018535747641954,22.423779271517244,39.168537287599875,female,1A
CD1,4.144406058400968,0.0017233056466751295,20.13524856006197,38.81143364034863,male,1A
CD1,3.9109055963377415,0.0019103081689376955,13.37249371679914,34.26298059022023,female,1A
CD1,4.192679840933167,0.001959690561002423,21.65609505791346,39.84382617406301,male,1A
CD1,4.442624338754628,0.0017362045593144492,17.38961264284005,38.00348504459059,female,1A
CD1,5.900760584188113,0.0018610351730188872,19.533679814038553,42.41103148298462,male,1A
CD1,3.3046139458448316,0.00190595763563607,18.024929907440924,50.62932243253037,female,1A
CD1,2.0406207319793053,0.0019340031727757565,19.20960235583221,40.12649202351458,male,1A
CD1,4.359836552519742,0.0016386632704995876,15.951789042107274,34.165956835983394,female,1A
CD1,3.428940339218705,0.0019009792667463116,21.106960243619586,36.491649571596234,male,1A
CD1,2.646004590147614,0.0019960161510520326,18.60131174152653,31.41503839938133,female,1A
CD1,5.525806272900002,0.001884481772785745,19.550059532897116,44.775142899298935,male,1A
CD1,3.570696274755732,0.0019018567022609186,23.492543754739252,34.233987971038346,female,1A
CD1,3.2170588083810663,0.0019989896010621164,20.708391281178717,37.912153979341426,male,1A
CD1,3.49598842684125,0.0019475391271087385,18.208382329547472,35.47161607835666,female,2B
CD1,3.438162480210703,0.0020315590630824148,15.946742882265308,40.72272786852289,male,2B
CD1,3.8046414135719253,0.0018828014420890094,24.800618672307024,32.305084878318006,male,2B
CD1,3.8102338671658194,0.001832020070802156,17.64949568519617,47.318051544154045,female,2B
CD1,3.6515386852520955,0.0015195424466637772,23.876411816942728,40.11899793296876,male,2B
CD1,4.118862179268788,0.001886973604993373,19.537761400220123,40.1612588885489,female,2B
CD1,3.3724607363074823,0.0020803076931132382,21.029531305509853,26.44776557160825,female,2B
CD1,4.567156080144567,0.0021250402448922843,17.883954544847537,44.708183073800704,male,2B
CD1,4.283192105575307,0.00177217348958326,18.107206348602542,28.402142084706238,female,2B
CD1,4.800415013132446,0.0021094109511323386,18.52133364117182,34.72456418954134,male,2B
CD1,3.0375547369779534,0.0019101445743835168,16.93348451833581,41.22210328971598,female,2B
CD1,5.225038047769207,0.0020977041342434832,18.66291621098867,38.324330305744354,male,2B
CD1,4.499985004111898,0.002078317925651167,20.594509292612564,28.53873186118407,female,2B
CD1,4.791577897533337,0.0018593014607442616,18.10328147260901,49.97901857527373,male,2B
CD1,3.0922305655369784,0.0017168815954682068,12.087323368961023,20.098750009514852,female,2B
CD1,3.5944001054371397,0.002256021312502002,18.114247944321207,46.33251627964663,male,2B
CD1,4.820618852508656,0.0019215598407593638,18.962974803188953,40.56299876505101,female,3E
CD1,4.241661495161414,0.0022589571157681683,21.213946458205527,37.54944600236567,male,3E
CD1,4.836275090088,0.0016283822849923555,17.214167211718316,40.1296585331026,female,3E
CD1,5.484082294429912,0.0018732976121909148,16.667853677567066,40.201458453275016,male,3E
CD1,2.7352103463286808,0.001983039006128505,19.32613993745321,43.59082289296968,female,3E
CD1,2.723509671628525,0.0018820526982704382,20.805942679728535,42.34737899759102,male,3E
CD1,3.1779694091053696,0.0018490523822130435,19.713884011264266,37.260811829648816,female,3E
CD1,4.106846821874541,0.0019026993347277187,19.556998287186406,43.20925676937423,male,3E
CD1,2.97635980125112,0.0016589912500922861,16.366117703909072,42.47833813546085,female,3E
CD1,4.495153207116636,0.002069890825268062,21.929903022203227,38.07821457231759,male,3E
CD1,3.0587416922159503,0.002132039530500682,13.215456941985508,30.439558104929038,female,3E
CD1,4.563742964458321,0.0015981509467670409,19.439778918021464,46.47650470899812,male,3E
CD1,2.567982518177557,0.0021031918953586964,18.60085054979476,38.20179063399041,female,3E
CD1,2.9319467959359953,0.0017960581162041083,16.31422252958272,36.8104134546896,male,3E
CD1,3.593835597546532,0.0019737393933438683,21.250653103232953,40.05898905004076,female,3E
CD1,4.814990591547668,0.002052490404893288,21.997956425548487,35.48137678319632,male,3E
CD1,2.436721534107874,0.0018519839108581408,16.992003617248905,39.48169344349816,female,1A
CD1,4.2645424792731,0.0018995823419645447,19.95165845913754,33.882473910627716,male,1A
CD1,2.0472552775953954,0.0019131710063094863,17.9352129892219,40.93441396498965,female,1A
CD1,3.2802606273726345,0.0019515037991332522,18.05044118445997,54.35872701336285,male,1A
CD1,3.5682348882582526,0.001993801650028839,18.801776862514167,31.190813307527787,female,1A
CD1,3.7424934460248704,0.0016923492654115754,21.581046390878544,43.48401456878843,male,1A
CD1,3.535092141417915,0.0015306489225626438,17.005300514749596,44.712470194190665,female,1A
CD1,3.359093397712754,0.002220481834819111,16.182816073548825,41.016131067704585,male,1A
CD1,2.3658046335942045,0.002006693042650668,13.304112995004209,32.719158435437556,female,1A
CD1,3.1753553145802558,0.002051009077404756,17.83224855789627,49.21483538631088,male,1A
CD1,3.3697308990298307,0.0020102377269332022,19.170229959442512,27.832816316896384,female,1A
CD1,3.5370784687186476,0.0020785490837396106,14.443832925609046,37.98258100505594,male,1A
CD1,2.654995394571509,0.0015370513060645082,13.385381602071334,31.142379746328018,female,1A
CD1,3.7937905200877737,0.0022556138319145143,16.712553583879338,51.73050643163511,male,1A
CD1,4.80970682321509,0.0018320252767885159,18.676656321194027,37.45710617506085,female,1A
CD1,2.975039637079699,0.0020023227136965575,17.400973339868482,40.23074722116129,male,1A
CD1,3.6895369875689408,0.0018886313753980757,20.246217650914332,54.21248321690844,female,2B
CD1,4.537775308001592,0.002112212561359804,19.15648396763548,37.22636277715035,male,2B
CD1,2.650497838994813,0.0018211589194600327,17.26397041231716,35.673282186123906,female,2B
CD1,3.842581602246973,0.0019726722708378304,19.11246540482253,42.73986360047963,male,2B
CD1,4.338175177912657,0.001855242510377363,18.264782451341905,27.022805928648296,female,2B
CD1,4.338558198180648,0.001846837509671901,19.2218489300773,42.88130254029718,male,2B
CD1,3.433201400348994,0.002019592233106922,16.955119724959093,36.47411534652633,female,2B
CD1,3.9097988743293155,0.0020338428066010907,19.175106267502823,42.262208505315684,male,2B
CD1,1.7466928919202291,0.0021716685483947357,17.801605797692577,34.82774080250011,female,2B
CD1,4.385970601567138,0.0018791318222664043,15.904222963279384,35.00564064740558,male,2B
CD1,1.8738695339403397,0.002037677744342071,17.18409451052178,28.30794518261391,female,2B
CD1,4.320817428366744,0.002176870098071431,19.270402902316217,36.50011973414409,male,2B
CD1,4.537240361479503,0.00188054812742762,17.344049654358116,44.40407342831991,female,2B
CD1,2.487354410468228,0.0016645782771574362,18.983776011750283,47.6358233422923,male,2B
CD1,4.8150878363997105,0.0018664530461360827,18.45107640901191,38.34200994319911,male,2B
CD1,3.2638744383033775,0.0018100004821835077,22.65633673552104,34.63709499411176,female,2B
CD1,2.184084680123825,0.001971259183500117,18.344130344947914,34.20059576457124,female,2B
CD1,2.530365670483161,0.002169992646640732,17.788281785052295,38.17863133459121,male,2B
CD1,2.4104177656545756,0.0018242884375243643,12.161319324821868,36.529937115109476,female,2B
CD1,3.572505678993925,0.0020622794570719933,15.41759163821391,43.08610187465274,male,2B
Black6,3.3229713043830182,0.0020780883358654093,13.047043178808114,42.01666051297874,female,3E
Black6,6.2539214560217005,0.0023028663233066603,16.706241548976735,45.368604528955785,male,3E
Black6,6.141040904712826,0.0021440175849869185,14.645227064806871,55.246420723418716,female,3E
Black6,4.663662723114385,0.002366159454321091,16.817740285417173,46.999738918423986,male,3E
Black6,6.034299767791299,0.0021670036990406667,14.117668190277156,49.257256399855045,male,3E
Black6,5.16924496481551,0.002199910306451147,15.891811327446026,46.18844704532599,female,3E
Black6,5.067494766016817,0.0022191631936987494,12.785317928363005,40.161839352121426,female,3E
Black6,4.388039220705771,0.0023182124745631198,12.92029173951274,49.932321552543534,male,3E
Black6,4.303814873557725,0.0020094942077371245,10.979836835231062,44.24665314162893,female,3E
Black6,4.924221245329843,0.0023780198525007743,16.86175762434492,54.45495092668429,male,3E
Black6,5.103328068477586,0.0020866059975706364,13.536711108929154,41.54234751199014,female,3E
Black6,5.25010642832924,0.002145173539350042,17.65533746121455,47.18688620798791,male,3E
Black6,5.4366744090369306,0.002336788390052396,13.172823020911322,47.02190258231289,female,3E
Black6,5.5483815742206755,0.0023113757629188722,13.434425081863562,41.91639248161312,male,3E
Black6,5.047659906970944,0.0019472292975014262,13.874627046055677,41.22877265239909,female,3E
Black6,5.0051860951973355,0.0020476324177813813,12.051761249760096,52.09051517460605,male,3E
Black6,3.13530308401955,0.0019096548266092266,11.196752150752385,40.17827227320237,female,3E
Black6,8.909736570343602,0.0022354872757009365,12.360294235054969,48.83928146083121,male,3E
Black6,4.464339682853416,0.002113103709146629,16.576208807741864,45.569890685298454,female,3E
Black6,5.5901375692839554,0.0022710334599598692,13.923716400780258,45.142562235214974,male,3E
Black6,6.212575960569694,0.0022573891292460486,15.85463233898173,39.160461236414335,male,3E
Black6,4.610452195505498,0.0020656401114197438,17.486327072643135,47.00766275821314,female,3E
Black6,4.816185485505828,0.0019907255377985805,14.122350244929297,50.66515386397805,female,3E
Black6,5.347096067806864,0.0022939117834746736,16.35902440967752,39.252438321084824,male,3E
Black6,4.826572211816425,0.0022552669893444598,9.651735742137635,51.00676881748927,female,3E
Black6,5.1525749823513705,0.0019384787603186275,13.487846441359792,48.20628399131638,male,3E
Black6,5.622568508960991,0.002136664356611175,15.110700274969872,55.13698580845332,male,3E
Black6,6.313863102763196,0.0019744260560569235,14.888972536664083,42.96555214540025,female,3E
Black6,4.953064460730458,0.0019097683902481294,13.804566296636677,50.91207155176887,male,3E
Black6,4.367486486881053,0.0022410404852378,20.587119555290986,46.753056828928486,male,3E
Black6,4.7304278161426785,0.0020788978727494752,13.297321882063127,47.002712263821245,female,3E
Black6,5.3000040056506865,0.0020563529520024413,14.62651069000567,41.95081501114515,female,3E
Black6,6.401495603137566,0.002330295432923529,18.27959318857556,59.544779181059134,male,3E
Black6,4.780916991038205,0.0023236842461927297,14.74876318169588,39.37310302090353,female,3E
Black6,4.543792994307548,0.0022288160636669686,15.032664278430085,44.147446232810175,male,3E
Black6,5.9671366645672785,0.002043601799109967,15.758452983485693,43.28376884135767,female,3E
Black6,4.9684559824643335,0.002087012261510618,20.48138914306023,40.537362014844945,male,3E
Black6,3.6530753662066706,0.00206152682988394,13.541525579161869,43.76173293223733,female,3E
Black6,5.159743957412372,0.0021234512531927287,16.807236796434456,46.14106803969263,male,3E
Black6,3.791230854108323,0.0019342808420168378,13.508171853378023,46.01909962182512,female,3E
Black6,6.5937253561744615,0.002224167701537553,18.001639661575645,55.990075022812526,male,3E
Black6,4.368231806691035,0.002235569908895588,11.423234165689337,40.802012561996605,female,3E
Black6,5.357176023345431,0.0021448237165586303,19.570320258498487,47.92091889197756,male,3E
Black6,5.147962177988951,0.002122110998505077,14.711504863633497,58.373576814617024,male,3E
Black6,5.072674751927642,0.0021313241728691057,11.02718199744504,31.574818011934006,female,3E
Black6,3.9385577733993475,0.00225622652390725,13.208960169980244,43.750913193525136,female,3E
Black6,5.476160151488871,0.0023270928705861746,16.188903549748243,61.79118295562349,male,3E
Black6,4.3790392756758285,0.002303329577516494,16.49729246116219,56.89601656743777,female,3E
Black6,4.2445218921533385,0.0021694956291808316,17.59438641001835,46.056367887411625,male,3E
Black6,6.45818777725092,0.0021575031945603946,14.48053419643351,41.87720907135211,female,3E
Black6,5.78370023718756,0.002121727989929066,11.363779768863807,49.40483175202352,male,3E
Black6,3.3924565271009905,0.0021848473320814138,12.694567760618089,41.53019332599365,female,3E
Black6,4.50787954628001,0.0021790334791508817,14.678453520828288,58.044975879318706,male,3E
Black6,3.945432702993644,0.001970896873095462,19.42750956140837,42.08961383186242,female,3E
Black6,6.8205168383967445,0.002217939193655806,11.736773891003548,47.03932983532428,male,3E
Black6,5.356775667299173,0.0023527259395365297,16.127312931368127,47.18975447998153,female,3E
Black6,4.786501010541051,0.0023122542739948014,13.961751603177836,41.357428164968745,male,3E
Black6,4.887388440015185,0.0022433191801486856,17.78072836182346,47.85670606873592,female,3E
Black6,5.216366926559537,0.0022902963758723244,13.056645699927646,46.309819045532684,male,3E
Black6,3.8165184748293033,0.0019947060542421704,14.082827967054598,48.74657260470431,female,3E
Black6,4.665004533505972,0.0021816543964307163,12.734725291872152,52.197278755549576,male,3E
Black6,3.9212047801334964,0.0021017021866945504,15.679236588483473,40.29453348184892,female,3E
Black6,6.9793367802450295,0.0022443081389590205,18.621911188969705,60.35925740441561,male,3E
Black6,4.656495699931856,0.002288694433752501,18.04142898484823,43.12290708451531,female,3E
Black6,5.796018148677907,0.0021321803418608404,18.370663500492554,51.40972105689629,male,3E
Black6,5.996220969048036,0.0024114278436141445,19.82982527685549,50.6037821950656,male,3E
Black6,5.692409052869848,0.0023211175842023255,16.654502163266315,41.16380464593884,female,3E
Black6,5.134457248512075,0.0020620039034599746,14.740307246913964,52.16616567772984,male,3E
Black6,3.950817558963016,0.002249629697463122,15.939398646954416,40.97118135032012,female,3E
Black6,6.349297649238286,0.0025506148635660226,13.685914528619929,45.65551259681503,male,3E
Black6,4.744768406511902,0.002131901985901062,15.235293320131783,52.715976178775925,male,3E
Black6,4.617775855157246,0.0022884197953865447,17.204365033907074,34.610433357789915,female,3E
Black6,3.704533349157943,0.0020503684252373283,16.06591593107818,38.26302516299763,female,3E
Black6,4.765526599385227,0.0024556747054055184,16.90064427684596,42.24574886263621,male,3E
Black6,4.1378274845731164,0.0021250148463770294,12.155675541074796,38.809795495999396,female,3E
Black6,6.497611945359083,0.0024315285840510047,15.109571108779987,53.39456048411185,male,3E
Black6,5.6436672592231245,0.001945514087063442,12.29431072224881,39.77000416717202,female,3E
Black6,6.519761323779178,0.002222810208682806,17.178430645734473,33.362809878291394,male,3E
Black6,4.33217739788706,0.0020461474040693386,12.54945724739629,45.61334787814364,female,3E
Black6,5.498111593747179,0.002182351818954018,16.70679183723667,50.36374536673756,male,3E
Black6,4.157647793451723,0.0020317597211201755,12.40151320978811,52.08547559689064,female,3E
Black6,4.772484602860173,0.002123130440880758,19.500807023920743,43.96394563573358,male,3E
Black6,5.462334560972884,0.0022011123696970476,14.707012819490652,51.25070578951495,female,3E
Black6,4.782228807372492,0.0021275672397942924,15.91955882683551,52.97851357184926,male,3E
Black6,6.174433598458121,0.002387998292172521,14.874676198570423,45.381583773351544,female,3E
Black6,5.22727323571363,0.0020137440691682103,13.505936660919755,46.637819855456684,male,3E
Black6,5.047750053332132,0.0021341670166149557,14.730877724497544,58.18396168684578,female,3E
Black6,4.955325821971077,0.002374702527453319,17.479573266261497,51.20165730088991,male,3E
Black6,4.4874931505453395,0.0022622354479906624,13.002970407339705,37.52024035282994,female,3E
Black6,4.339517798854103,0.002237707895827249,15.541716647211476,51.08517656845202,male,3E
Black6,4.6027055867057385,0.0021311428130647344,15.089970508575831,34.92116694976536,female,3E
Black6,5.987371253181216,0.0023747285273180954,19.327679144935747,47.80192315972559,male,3E
Black6,5.111134982557471,0.0019358651555586583,16.835866277594725,42.19098055424598,female,3E
Black6,4.570694470828574,0.0021504331968663242,14.470079581715133,54.52870044298631,male,3E
Black6,4.289989127309007,0.0022049068363528585,17.426436667892318,54.920599832966076,male,3E
Black6,4.470621656274858,0.002157660401871684,14.504357477357285,42.92917276500584,female,3E
Black6,5.829651692025557,0.0022220165442351355,14.993357528546303,52.80834204920995,female,3E
Black6,4.334225153033072,0.002344361681282144,17.012713080841266,58.889150699546896,male,3E
Black6,4.705824826841994,0.0022001147226346322,20.071667008722958,44.21177650464014,female,3E
Black6,7.131811799828747,0.0020686762732570734,14.665887239915374,52.33221689432006,male,3E
Black6,4.893693426733871,0.0021536581463214403,15.698734965321362,50.75889103265854,female,3E
Black6,4.405034777157863,0.002235651894578611,11.494805600630194,50.101028638418306,male,3E
Black6,4.964717146068669,0.0021356553528842073,17.261525817030414,49.80106825341932,male,3E
Black6,5.090900046225073,0.0019343954319937663,16.859480291890826,49.38175253300648,female,3E
Black6,5.197558632476368,0.00225989074101437,18.646849353158913,55.51682920200069,male,3E
Black6,4.1225682733315026,0.0019343823038790152,10.208935698040424,49.05140544213029,female,3E
Black6,5.22307240851927,0.0020582932580505177,15.912840332051207,51.50646338234566,male,3E
Black6,5.072869330299351,0.002213459749004807,18.33772061445299,52.87132609847418,female,3E
Black6,7.237144522070941,0.002180184266015254,15.084705280120103,51.91136774468796,male,3E
Black6,4.5786859722049265,0.002211710707071008,14.782225648662038,50.561818875212936,female,3E
Black6,6.370276833033123,0.0021154809921086026,16.228049606303227,46.0189731575326,male,3E
Black6,4.882893181062354,0.0017761885758671458,14.818807870098684,40.15612219621558,female,3E
Black6,5.7584953604073155,0.002365168822254213,17.30985641609642,58.33715636933506,male,3E
Black6,4.765683084442575,0.002337808089301435,18.795099618508218,48.14545692281312,male,3E
Black6,4.505388101240616,0.002099936576342119,13.511962450588754,47.60470995833248,female,3E
Black6,4.455548570227973,0.0022206571526001964,14.686517687815503,50.85380012565804,female,3E
Black6,5.787969494391236,0.0020579894529157393,20.59945365248913,54.519520780845426,male,3E
Black6,6.246940520922583,0.0021021791496999872,15.648935297443238,43.76354213371815,female,3E
Black6,7.246423424831799,0.0018578813413851682,16.471699316704207,48.190801237926955,male,3E
BALBc,4.7461367234812535,0.0020855515413741197,15.256807237294495,46.90248638314423,female,2B
BALBc,3.7927847394783987,0.0022206807409252626,19.50562423026262,55.81329173198736,male,2B
BALBc,2.2356163845513892,0.0020805310375685494,18.764156690223604,53.629764748820776,male,2B
BALBc,3.211948309972221,0.001876167113373983,18.678248160217585,53.236642809214985,female,2B
BALBc,3.796831065666062,0.001965328497456824,18.66686717458893,52.6582364884974,male,2B
BALBc,4.630417823722337,0.0017675115203274168,16.44749826044664,51.35590279701463,female,2B
BALBc,4.02504273003553,0.001890778554672401,16.780627003193935,50.92884678474465,female,2B
BALBc,4.301016765984665,0.0019404639918520442,17.777590101232516,54.64728144568237,male,2B
BALBc,3.0265030454958683,0.0018579524530339558,21.59417532902373,48.267860626832956,female,2B
BALBc,4.384146006354867,0.0017820937790909248,21.965898589115266,49.7694159950824,male,2B
BALBc,3.4404250728611663,0.0018879859920477367,17.09112423183377,46.00371002544508,female,2B
BALBc,3.915753896392129,0.0018209975841619748,16.980033529527763,52.95448788532684,male,2B
BALBc,3.7600297859137357,0.0017943531341479823,15.636816360794693,47.26735712876497,female,2B
BALBc,4.394766645021021,0.001839344043564822,17.198561724234565,57.1581817902743,male,2B
BALBc,3.594868686084278,0.0021365285809595005,17.304087633274076,45.302180909121056,female,2B
BALBc,2.70732270207775,0.002007757123346327,18.295170254436172,50.115131956859656,male,2B
BALBc,3.8930381889027545,0.0021206617790085025,23.951626779945432,47.6514195380897,male,2B
BALBc,4.0108346928049485,0.0014453518807105274,17.26384111571271,57.243484499457004,female,2B
BALBc,3.2360931135141624,0.0018364808558563096,16.209457498703273,46.02394350887114,female,2B
BALBc,4.495131827207604,0.0018553259874465068,17.921822337948385,36.546946420025115,male,2B
BALBc,3.7079300353217066,0.001638597537051047,15.320174812299454,34.93618810440212,female,2B
BALBc,3.57796836862234,0.0021267691089832236,17.807507356566376,48.103593130289376,male,2B
BALBc,4.221235261402489,0.0016716374079575331,17.060079598289366,41.74925101858047,female,2B
BALBc,3.6236171734611857,0.0019746248315995474,20.100235735135836,44.032843921175555,male,2B
BALBc,3.435328902863525,0.0020686345231017518,14.70617919965432,35.80893822349948,female,2B
BALBc,5.0908011573304774,0.001994974718575428,19.43463250133452,50.06207226545073,male,2B
BALBc,4.248843218131429,0.0018773262466013452,19.011349308193125,54.073751605906516,female,2B
BALBc,4.722183953860536,0.0021319115904440806,16.201502847950678,59.197253970381944,male,2B
BALBc,3.2350136404304677,0.0019339092251606043,19.68133989819443,46.189692549682015,female,2B
BALBc,6.162430737549542,0.0019009426295956272,21.54421710441531,60.96573266766204,male,2B
BALBc,3.253708595276337,0.0016754543034017794,21.12849199812239,41.35402064520211,female,2B
BALBc,5.803218605244212,0.0023024694178483325,21.108585079948455,54.831806761123715,male,2B
BALBc,2.2622318103209675,0.001774902591664501,16.792029319714484,44.276361908000865,female,2B
BALBc,4.116896315313865,0.0017699274322308359,18.990200249729465,46.23910177901229,male,2B
BALBc,4.606450963623089,0.0020247403806613715,18.737386136031038,49.417170246403444,male,2B
BALBc,3.3240756886320044,0.0020334811445427495,13.159921857823711,52.46799917133621,female,2B
BALBc,3.2439229488429793,0.001760249757112869,15.009157332408222,43.4999983237749,female,2B
BALBc,4.044273805120728,0.0018276797894186175,20.547307516805578,50.24124306680041,male,2B
BALBc,1.8524996757217114,0.001903699312170669,15.455741507610053,40.62322243234664,female,2B
BALBc,4.147992235913163,0.0022096951099494387,20.00778910628198,55.437834638870214,male,2B
BALBc,4.216670703340952,0.002189157651713516,15.342533600917447,51.32308912191442,male,2B
BALBc,2.028125878634966,0.001800911047611325,14.548710248370275,49.74559663467854,female,2B
BALBc,3.7206899946540726,0.001843082135398614,16.93091974978227,44.22926349659959,male,2B
BALBc,4.495790289243088,0.0019979920804007304,18.94178081780997,46.08643283978609,female,2B
BALBc,5.315686797115482,0.001982054275819081,15.736814521935614,45.737261588041555,female,2B
BALBc,5.49772747002864,0.002098258920409221,16.925568769197994,50.79789648374364,male,2B
BALBc,4.009366998320111,0.0018445258882716538,18.057290356323726,57.44236492741862,female,2B
BALBc,2.9096093969379764,0.0022460513532076504,18.96443641863652,46.246387203619996,male,2B
BALBc,2.7656572937382875,0.0017535554063405115,18.988329900672195,55.419303388921676,male,2B
BALBc,3.391526630141673,0.0019336716306583108,21.839209800194837,45.70031114674407,female,2B
BALBc,3.8914885635443897,0.002093830824866971,14.185390568378525,45.48308792444663,female,2B
BALBc,3.8649117720477753,0.0021487520970858544,18.398458352122052,53.79922374866395,male,2B
BALBc,2.5865162355922022,0.0016583037309418585,16.282378965558966,41.986160225443555,female,2B
BALBc,5.406334249514254,0.002045023555858935,22.678262709081302,41.38705011739814,male,2B
BALBc,4.083866669907259,0.0019553250374090845,15.784703001354488,49.41878656976809,female,2B
BALBc,3.641182607269382,0.0017666558694757388,18.63835155801073,54.17067421883743,male,2B
BALBc,4.230840301517046,0.0019773633559939364,18.150051427695445,42.00826946788851,female,2B
BALBc,2.971997788683561,0.0019139250380831843,17.815385975475593,38.3950444629801,male,2B
BALBc,4.332102946024958,0.002162996267531654,22.05943091438861,60.60255435792624,male,2B
BALBc,3.103942691560922,0.002015472377739099,20.730735313330598,64.14081358012369,female,2B
BALBc,4.500562698701886,0.0021677885646107765,17.384634249580195,53.034641535424406,male,2B
BALBc,3.6010252010026536,0.001906919737850466,17.39517074243476,51.447310710615895,female,2B
BALBc,4.1596699681419675,0.002071046937447524,16.579948008965985,52.396714212302584,female,2B
BALBc,5.075379887418913,0.00226348967605928,20.416821205943386,51.962064311577706,male,2B
BALBc,3.4058700959207577,0.00229558470683188,17.922817651217564,41.57942429736696,female,2B
BALBc,4.594354293877299,0.0019260202157728803,20.30809814367658,40.15494786297778,male,2B
BALBc,3.143054135332087,0.0017847782779653303,16.339365205967802,46.771897939291506,male,2B
BALBc,3.1939527018087586,0.0019844186108086688,17.670844666158686,53.603752675823436,female,2B
